"Metabolites","class","PC1","PC2","PC3","PC4","PC5"
"Hypoxanthine","Nucleobases Related",0.071902,-0.013844,-0.0015466,-0.017488,-0.0069678
"SM C18:0","Sphingolipids",0.071703,0.002278,0.0057976,0.013639,-0.011606
"Trp","Aminoacids",0.071558,-0.00038979,-0.0089476,-0.021517,-0.0012
"SM C16:0","Sphingolipids",0.071446,-0.01621,0.0068954,0.007709,-0.0065215
"PC aa C34:4","Glycerophospholipids",0.071398,-0.0012651,0.0067202,0.015435,-0.021828
"Creatinine","Aminoacids Related",0.071235,1.9798e-06,0.011668,-0.0031321,-0.0072468
"DG(14:0_18:1)","Diacylglycerols",0.071113,0.011267,-0.00066287,-0.0034027,0.0027001
"PC ae C40:3","Glycerophospholipids",0.071062,0.0090235,0.012447,-0.00084596,0.0070758
"PC ae C38:3","Glycerophospholipids",0.071055,-0.012416,0.012722,-0.020982,0.0074627
"PC aa C38:5","Glycerophospholipids",0.071039,0.017286,-0.0022757,0.021405,-0.012339
"PC aa C40:2","Glycerophospholipids",0.070842,-0.012863,-0.016215,0.016112,-0.019192
"PC aa C34:1","Glycerophospholipids",0.070826,-0.0072832,0.024156,-0.0015105,-0.014808
"PC aa C36:4","Glycerophospholipids",0.070778,-0.020733,-0.0052077,-0.0095255,-0.015956
"PC ae C30:1","Glycerophospholipids",0.070618,0.013412,-0.013637,-0.016248,0.012739
"PC ae C36:5","Glycerophospholipids",0.070482,0.0028423,0.018268,0.0026735,-0.015263
"PC ae C40:4","Glycerophospholipids",0.070466,0.0042218,0.0047598,-0.020227,0.029188
"C2","Acylcarnitines",0.070274,-0.010587,0.0046818,-0.029418,0.010059
"SM C24:0","Sphingolipids",0.070221,-0.0014335,-0.020778,0.019248,-0.025875
"PC ae C44:5","Glycerophospholipids",0.070171,-0.0083002,-0.020789,0.0046302,0.014618
"SM (OH) C16:1","Sphingolipids",0.070135,-0.012575,0.0018679,0.018566,-0.025653
"SM C24:1","Sphingolipids",0.069935,-0.0094623,0.011019,0.006616,-0.033629
"PC ae C38:2","Glycerophospholipids",0.069858,-0.0056587,0.024041,-0.014992,0.010952
"Phe","Aminoacids",0.069778,0.0058454,-0.001936,-0.00048708,-0.018741
"DG(16:0_18:2)","Diacylglycerols",0.069703,0.023,0.0047245,0.010437,-0.014123
"Xanthine","Nucleobases Related",0.069535,-0.011833,0.00081541,-0.014715,0.012358
"His","Aminoacids",0.069307,-0.006805,-0.026251,-0.0063413,0.013108
"PC ae C38:6","Glycerophospholipids",0.069258,0.019256,0.019318,0.020645,0.016746
"PC aa C36:1","Glycerophospholipids",0.069234,-0.019754,-0.028229,-0.015596,-0.0029129
"Gln","Aminoacids",0.069208,0.0055816,0.0069512,0.017428,0.0068193
"Ala","Aminoacids",0.069132,-0.0054879,-0.0010204,-0.0080234,0.0077059
"Leu","Aminoacids",0.069122,-0.010958,-0.0057136,-0.010621,-0.023851
"AconAcid","Carboxylic Acids",0.06901,0.010967,-0.015302,-0.028559,0.023103
"PC ae C36:1","Glycerophospholipids",0.069004,-0.0038846,0.037204,-0.003785,-0.0010911
"Ile","Aminoacids",0.068998,-0.014479,-0.0094122,-0.014624,-0.018727
"lysoPC a C17:0","Glycerophospholipids",0.068907,-0.0053408,-0.01678,-0.02196,0.021939
"PC aa C36:2","Glycerophospholipids",0.068847,-0.018804,-0.027673,-0.02482,0.0020641
"PC aa C30:2","Glycerophospholipids",0.068808,-0.014496,0.026363,-0.010323,-0.0080933
"PC aa C38:1","Glycerophospholipids",0.068797,-0.0011778,0.009512,0.026266,0.0086529
"PC ae C40:5","Glycerophospholipids",0.06877,0.022543,0.023348,0.021717,0.012605
"PC ae C38:4","Glycerophospholipids",0.068666,-0.0012909,0.035269,-0.0043627,0.014821
"PC aa C42:1","Glycerophospholipids",0.068637,0.014992,-0.012772,-0.004767,-0.028748
"Hex2Cer(d18:1/18:0)","Glycosylceramides",0.068578,0.0017192,-0.0064047,0.0033983,0.022534
"Lac","Carboxylic Acids",0.068241,0.013337,0.01815,0.00051888,0.0050895
"PC aa C28:1","Glycerophospholipids",0.068044,-0.011794,-0.021133,-0.039518,0.0037694
"PC ae C34:3","Glycerophospholipids",0.068012,0.0088803,0.033048,-0.010745,0.0061625
"PC ae C38:5","Glycerophospholipids",0.068001,0.016401,0.038651,0.020249,0.014333
"PC aa C36:0","Glycerophospholipids",0.067915,0.0071399,0.020288,0.027757,0.010571
"PC aa C36:3","Glycerophospholipids",0.067913,-0.008465,0.026355,-0.023567,0.010782
"SM (OH) C22:1","Sphingolipids",0.067906,-0.0018603,-0.0040906,0.011294,-0.0202
"Serotonin","Biogenic Amines",0.067891,0.021645,0.0050146,0.030403,0.0053296
"PC aa C40:3","Glycerophospholipids",0.067887,0.022617,-0.005886,-0.010124,-0.031333
"PC ae C32:1","Glycerophospholipids",0.067809,0.0094177,0.046033,0.012625,0.0024492
"PC aa C38:3","Glycerophospholipids",0.067793,-0.019664,-0.036733,-0.022241,0.0093725
"PC aa C42:5","Glycerophospholipids",0.067685,0.014187,-0.015458,-0.00039064,0.027625
"HexCer(d18:1/18:0)","Glycosylceramides",0.067647,0.0041585,-0.023885,0.0050308,-0.014175
"C0","Acylcarnitines",0.067628,0.0086987,0.037811,-0.0030277,0.018273
"PC aa C32:0","Glycerophospholipids",0.067568,0.0024776,0.024523,0.029346,-0.022671
"SM (OH) C14:1","Sphingolipids",0.067371,-0.02587,-0.00088195,0.028594,-0.020539
"PC ae C42:1","Glycerophospholipids",0.067319,0.0052344,-0.046182,-0.0023629,0.006431
"PC aa C32:3","Glycerophospholipids",0.067269,0.0059525,0.039302,0.029103,-0.021376
"Val","Aminoacids",0.067219,-0.0091324,0.0016627,-0.0053511,-0.025177
"PC aa C42:4","Glycerophospholipids",0.067105,0.020573,-0.0028915,0.03539,-0.010593
"Asn","Aminoacids",0.067058,0.0015466,0.0014543,0.018838,0.017231
"TG(20:0_32:4)","Triacylglycerols",0.066996,0.0083053,0.017006,-0.014913,0.015487
"SM C18:1","Sphingolipids",0.066943,-0.028434,0.0057625,-0.0047876,-0.023579
"PC aa C42:6","Glycerophospholipids",0.066897,0.014112,-0.022083,0.010305,0.01285
"PC aa C42:0","Glycerophospholipids",0.06683,-0.015358,-0.026537,-0.027944,-0.0077527
"PC ae C44:3","Glycerophospholipids",0.066693,0.0020646,-0.028962,0.02951,-0.01416
"PC aa C32:1","Glycerophospholipids",0.066552,0.0012769,0.050869,0.0039736,-0.010047
"C3","Acylcarnitines",0.066407,-0.017798,0.04367,0.010379,0.0023696
"SM (OH) C24:1","Sphingolipids",0.066322,-0.015891,0.0054012,0.023979,-0.027991
"PC ae C40:1","Glycerophospholipids",0.066315,0.01234,-0.016799,0.03131,0.011435
"PC ae C42:3","Glycerophospholipids",0.066312,-0.003651,-0.029004,0.019806,-0.0048967
"lysoPC a C16:0","Glycerophospholipids",0.06629,-0.016479,-0.044799,-0.021367,-0.0045377
"PC ae C34:1","Glycerophospholipids",0.066142,-0.0025724,0.051022,-0.0040413,0.0094148
"OH-GlutAcid","Carboxylic Acids",0.066049,0.029698,0.030911,0.016093,0.0041506
"alpha-AAA","Aminoacids Related",0.065929,0.016841,0.044837,-0.014204,-0.010983
"PC ae C30:2","Glycerophospholipids",0.065794,0.016278,0.018178,-0.029749,0.039017
"PC aa C38:4","Glycerophospholipids",0.065787,-0.013112,-0.047073,-0.018932,0.013133
"Cer(d18:1/18:0)","Ceramides",0.065742,0.0068466,-0.014435,0.003787,-0.00077027
"PC ae C36:4","Glycerophospholipids",0.065649,0.0013712,0.051958,0.0087198,0.0072399
"PC ae C34:0","Glycerophospholipids",0.065639,0.0099125,0.047066,0.01889,-0.019951
"PC aa C30:0","Glycerophospholipids",0.065621,0.0057639,0.0064475,0.039438,-0.031797
"PC aa C38:0","Glycerophospholipids",0.065578,0.014963,0.032701,0.038993,0.013094
"SM C16:1","Sphingolipids",0.065406,-0.028711,-0.016448,-0.0083605,-0.016135
"Cit","Aminoacids Related",0.06525,-0.0029995,0.028783,-0.028056,0.013847
"PC ae C38:1","Glycerophospholipids",0.065096,-0.0026762,0.044998,0.038027,-0.012496
"Anserine","Aminoacids Related",0.065018,0.0081225,0.021265,-0.013552,-0.022936
"PC ae C42:2","Glycerophospholipids",0.064831,0.02133,-0.049646,0.01331,-0.015097
"lysoPC a C28:0","Glycerophospholipids",0.06482,0.026342,-0.0094083,0.026384,0.0025427
"PC aa C32:2","Glycerophospholipids",0.064657,0.0087148,0.054777,-0.0013409,0.0018091
"Tyr","Aminoacids",0.064654,0.022757,-0.023668,0.022223,-0.02175
"PC aa C34:2","Glycerophospholipids",0.06452,-0.0061109,0.048535,-0.021968,0.0096699
"PC aa C42:2","Glycerophospholipids",0.064254,0.0018338,-0.0084998,0.0038161,-0.04857
"C4","Acylcarnitines",0.064151,0.021178,0.032839,-0.02475,0.006384
"PC ae C36:0","Glycerophospholipids",0.064013,0.023857,0.042322,0.029185,-0.016835
"Pro","Aminoacids",0.063907,0.0033632,-0.029535,-0.010795,0.021927
"PC ae C30:0","Glycerophospholipids",0.063636,0.022651,0.051638,0.021754,0.00030944
"PC ae C38:0","Glycerophospholipids",0.063333,0.014026,0.046184,0.041399,-0.0074089
"HexCer(d18:1/22:0)","Glycosylceramides",0.063308,0.012928,-0.028727,-0.0083712,-0.040213
"PC aa C38:6","Glycerophospholipids",0.063298,0.0092548,0.018317,0.046877,-0.0046931
"PC ae C44:4","Glycerophospholipids",0.063118,0.033799,-0.0031834,0.038509,-0.021488
"lysoPC a C24:0","Glycerophospholipids",0.062867,0.00015883,-0.035707,0.021823,-0.029269
"PC ae C42:5","Glycerophospholipids",0.062624,0.026177,-0.035753,0.027325,0.039631
"Glu","Aminoacids",0.062534,0.016382,0.046029,0.027892,0.020745
"C3-DC (C4-OH)","Acylcarnitines",0.062278,-0.0032093,-0.0074929,-0.039829,-0.038976
"HCys","Aminoacids Related",0.062206,-0.022981,0.03881,-0.015227,-0.0018264
"H1","Sugars",0.061911,0.00035429,0.038187,0.019977,0.028549
"Thr","Aminoacids",0.061527,-0.046205,-0.01116,0.00038031,-0.010385
"PC ae C40:6","Glycerophospholipids",0.061427,0.025104,0.03922,0.041387,0.017255
"PC ae C34:2","Glycerophospholipids",0.061227,0.005085,0.065434,-0.0041612,0.012798
"DHA","Fatty Acids",0.06108,0.013626,-0.019987,-0.03141,-0.039076
"C5-OH (C3-DC-M)","Acylcarnitines",0.061039,0.036729,0.025908,0.017118,0.0163
"DG(16:0_18:1)","Diacylglycerols",0.061011,0.032872,-0.021577,-0.00037953,0.0091705
"PC aa C34:3","Glycerophospholipids",0.060992,0.0079583,0.063458,-0.002589,0.006997
"lysoPC a C14:0","Glycerophospholipids",0.060871,-0.0050796,-0.061198,-0.020566,-0.016299
"SM (OH) C22:2","Sphingolipids",0.060537,-0.019006,-0.005534,0.02602,0.0017518
"HexCer(d18:2/20:0)","Glycosylceramides",0.060266,-0.027319,-0.019708,-0.020985,0.0025308
"PC aa C36:5","Glycerophospholipids",0.06015,0.014785,0.065554,0.026316,0.0010212
"Choline","Vitamins & Cofactors",0.060078,-0.017866,-0.023726,-0.056005,-0.0013829
"HexCer(d18:1/20:0)","Glycosylceramides",0.059888,0.0020713,-0.051943,0.00061439,-0.018677
"lysoPC a C16:1","Glycerophospholipids",0.059886,-0.01689,-0.044158,-0.04641,-0.0039879
"PC ae C42:4","Glycerophospholipids",0.059767,0.024308,0.044066,0.030722,-0.014561
"PC ae C36:3","Glycerophospholipids",0.059751,0.0040679,0.063404,-0.015044,0.015773
"TG(20:3_32:1)","Triacylglycerols",0.059743,-0.012816,0.059035,-0.033684,0.00084136
"lysoPC a C18:0","Glycerophospholipids",0.059721,-0.018606,-0.068481,-0.019401,0.0063665
"Cer(d18:2/18:0)","Ceramides",0.059666,-0.046171,-0.015222,-0.020642,-0.015242
"lysoPC a C26:1","Glycerophospholipids",0.059586,-0.0023341,-0.042719,0.023917,-0.015973
"Histamine","Biogenic Amines",0.059569,-0.023903,0.0044489,-0.022244,-0.043808
"PC aa C36:6","Glycerophospholipids",0.059534,0.016738,0.030675,0.057824,-0.013317
"HexCer(d18:1/24:1)","Glycosylceramides",0.059509,0.0075433,-0.03685,-0.0073166,-0.043006
"Cer(d18:1/24:1)","Ceramides",0.059443,-0.0094544,0.034918,0.006995,-0.013744
"Asp","Aminoacids",0.059431,-0.011216,-0.042409,-0.030763,0.0023354
"Cer(d18:1/22:0)","Ceramides",0.059237,-0.015057,-0.018017,0.017936,-0.049282
"EPA","Fatty Acids",0.059201,-0.019726,0.057819,0.016506,0.00094363
"PC ae C44:6","Glycerophospholipids",0.059177,0.0032617,-0.029698,-0.032271,-0.025058
"Hex2Cer(d18:1/20:0)","Glycosylceramides",0.059031,-0.023587,-0.014578,0.015334,-0.01161
"PC ae C36:2","Glycerophospholipids",0.059025,0.0051117,0.065865,-0.013954,0.018994
"PC ae C40:2","Glycerophospholipids",0.058998,0.022367,0.038806,0.052018,0.00040003
"Cer(d18:1/23:0)","Ceramides",0.058755,0.022733,0.032958,0.017058,-0.035762
"DG(18:1_18:2)","Diacylglycerols",0.058667,-0.0026429,-0.057786,-0.022363,-0.021192
"PC ae C32:2","Glycerophospholipids",0.05835,0.02579,0.066224,-0.011332,0.018614
"Cer(d18:1/20:0)","Ceramides",0.058317,0.022472,-0.041591,-0.034602,-0.012902
"Ser","Aminoacids",0.058294,-0.033237,-0.028441,0.010511,-0.029709
"PC ae C42:0","Glycerophospholipids",0.058268,0.049761,-0.023492,0.022413,0.032395
"AABA","Aminoacids Related",0.058139,0.012634,-0.025002,-0.043617,0.043785
"lysoPC a C28:1","Glycerophospholipids",0.057766,0.021458,-0.037619,-0.021334,0.01094
"Gly","Aminoacids",0.057581,0.00017925,0.063845,-0.0085848,0.0070488
"PC aa C40:6","Glycerophospholipids",0.057213,0.01932,-0.029821,0.039045,0.026753
"PC aa C40:1","Glycerophospholipids",0.056468,-0.0036536,-0.020265,0.0092876,-0.055589
"TG(18:1_38:6)","Triacylglycerols",0.056359,0.04906,0.012121,0.048729,-0.016532
"Cer(d18:2/24:1)","Ceramides",0.056254,-0.058638,0.015117,-0.030696,-0.017578
"Carnosine","Aminoacids Related",0.056041,0.012625,0.032408,-0.039161,-0.00705
"TG(18:3_32:0)","Triacylglycerols",0.055778,0.030761,0.010123,0.0034723,0.026182
"TG(18:3_38:6)","Triacylglycerols",0.055654,-0.022498,0.0020017,0.023029,0.0082097
"PC aa C40:4","Glycerophospholipids",0.055098,-0.0065122,-0.072091,-0.0093939,0.0063671
"Cer(d18:0/18:0)","Dihydroceramides",0.054684,0.0047201,0.040756,0.029714,-0.049223
"SM C26:1","Sphingolipids",0.054109,-0.033933,-0.0030796,0.05154,0.012577
"Cys","Aminoacids",0.054019,0.014466,0.02925,-0.0076711,-0.019073
"C6:1","Acylcarnitines",-0.053503,0.034364,-0.039393,0.018806,-0.024474
"FA(18:2)","Fatty Acids",0.05348,-0.0064484,-0.068604,-0.034625,-0.0040436
"Cer(d18:2/23:0)","Ceramides",0.053469,-0.024851,0.024944,0.018643,-0.037074
"TG(18:1_38:5)","Triacylglycerols",0.053413,0.041502,0.0054598,0.010408,-0.042891
"Spermidine","Biogenic Amines",0.05323,0.021821,0.051571,-0.031991,0.020823
"C18:2","Acylcarnitines",0.05312,0.023569,-0.015927,-0.039736,0.068375
"lysoPC a C18:1","Glycerophospholipids",0.053002,-0.02091,-0.071929,-0.045796,-0.0021328
"FA(18:1)","Fatty Acids",0.05298,-0.0061593,-0.040169,-0.060337,-0.0011322
"Hex2Cer(d18:1/16:0)","Glycosylceramides",0.052356,-0.025783,0.063983,0.01412,0.018106
"Met","Aminoacids",0.052345,-0.010617,-0.015652,0.065417,0.018005
"Hex2Cer(d18:1/14:0)","Glycosylceramides",0.052301,0.0039007,-0.078886,0.01703,0.013521
"1-Met-His","Aminoacids Related",0.052225,-0.016457,0.06529,-0.049061,0.045176
"TG(16:0_30:2)","Triacylglycerols",-0.052001,0.0069441,0.049707,0.043919,-0.030468
"PC aa C40:5","Glycerophospholipids",0.051808,0.027357,-0.07072,0.011916,0.021245
"3-Met-His","Aminoacids Related",0.051715,-0.051391,0.011175,-0.059932,0.0074829
"DG(14:0_18:2)","Diacylglycerols",0.051438,0.017188,-0.054316,-0.0029203,-0.017601
"lysoPC a C26:0","Glycerophospholipids",0.051378,0.0030945,-0.00767,0.039253,-0.039365
"Cer(d18:1/26:0)","Ceramides",0.051251,-0.0040704,0.0028618,-0.012054,-0.055768
"Ind-SO4","Indoles Derivatives",0.051165,0.022645,0.068717,0.047168,0.017641
"TG(16:0_38:4)","Triacylglycerols",0.050727,0.048677,-0.004403,0.032843,0.041147
"TG(17:2_34:3)","Triacylglycerols",0.050409,-0.06132,0.029934,-0.03523,0.00037208
"TG(18:2_38:4)","Triacylglycerols",0.050406,0.053991,-0.021463,-0.040336,0.016043
"GCA","Bile Acids",-0.050227,-0.019667,-0.028545,-0.013453,0.01746
"Met-SO","Aminoacids Related",0.049681,0.0021534,0.018245,0.066221,0.024376
"t4-OH-Pro","Aminoacids Related",0.049668,-0.0053966,0.076797,-0.013526,0.051574
"Arg","Aminoacids",0.049619,-0.040724,0.060403,-0.041767,0.039582
"BABA","Aminoacids Related",0.04943,0.0096982,0.0048436,0.027376,0.0018349
"TG(18:2_32:2)","Triacylglycerols",0.049355,0.065913,-0.0013699,0.0058124,-0.053978
"TG(22:0_32:4)","Triacylglycerols",-0.048991,0.029067,0.0020592,0.031664,0.015951
"C16","Acylcarnitines",0.04896,-0.014831,-0.018263,-0.078062,0.046778
"Cer(d18:1/24:0)","Ceramides",0.048956,-0.015641,0.010243,0.046357,0.013141
"PheAlaBetaine","Aminoacids Related",0.048773,0.0020512,0.0087113,0.0027517,-0.080425
"CE(20:0)","Cholesterol Esters",-0.048632,0.01452,-0.014447,-0.025044,-0.018355
"Orn","Aminoacids Related",0.048323,-0.029509,0.056749,0.039323,-0.039008
"beta-Ala","Biogenic Amines",0.048284,-0.016946,0.091043,-0.012002,0.0091301
"DG(16:0_16:0)","Diacylglycerols",0.048135,0.052312,-0.0082312,-0.024634,0.0027792
"Hex3Cer(d18:1/24:1)","Glycosylceramides",0.047959,-0.033095,0.069413,-0.016133,-0.02285
"lysoPC a C18:2","Glycerophospholipids",0.047593,-0.022959,-0.066549,-0.057861,0.0031736
"TG(20:4_34:1)","Triacylglycerols",0.047056,0.040407,-0.020438,-0.019596,0.018962
"Cer(d18:1/16:0)","Ceramides",0.047015,-0.04968,0.046375,0.00073519,-0.03003
"C16:1","Acylcarnitines",0.046934,0.0063991,-0.046968,-0.070476,0.045974
"Sarcosine","Aminoacids Related",0.046598,-0.014631,0.091275,-0.018937,0.013021
"Cer(d18:1/25:0)","Ceramides",0.046592,-0.027679,-0.014562,0.040937,-0.037029
"C12:1","Acylcarnitines",0.046515,0.0043173,-0.025022,-0.070039,0.0081967
"DG(18:2_20:4)","Diacylglycerols",0.04634,0.053524,-0.0058112,0.013337,0.044144
"Betaine","Aminoacids Related",-0.046156,0.0042267,0.00043087,0.057438,0.065715
"TMAO","Amine Oxides",0.046021,-0.0068497,0.089964,-0.022491,0.0073981
"TG(17:1_34:2)","Triacylglycerols",-0.04598,0.0077777,-0.042735,0.015211,-0.038643
"HexCer(d18:1/24:0)","Glycosylceramides",0.045933,0.03871,-0.060269,0.017792,-0.05511
"TG(16:0_36:5)","Triacylglycerols",0.045747,0.054861,0.043876,-0.027603,-0.0039171
"TG(17:2_38:7)","Triacylglycerols",-0.045421,-0.010707,0.072983,-0.011301,0.042994
"Hex2Cer(d18:1/22:0)","Glycosylceramides",0.044905,-0.011413,-0.036661,0.015277,-0.053105
"C14","Acylcarnitines",0.044654,-0.0022149,-0.046099,-0.072977,0.047713
"C18:1","Acylcarnitines",0.044339,0.001746,-0.039181,-0.068797,0.056162
"C14:1-OH","Acylcarnitines",0.043813,0.010242,-0.027746,-0.065754,-0.010797
"ADMA","Aminoacids Related",0.043232,-0.05749,0.066096,-0.039733,0.023271
"Suc","Carboxylic Acids",0.043165,0.061171,0.0037971,0.015541,-0.011162
"C5-M-DC","Acylcarnitines",-0.043109,-0.035809,-0.028717,0.025874,-0.037302
"TG(20:0_34:1)","Triacylglycerols",-0.042783,0.007337,-0.019749,0.028346,-0.037685
"Kynurenine","Aminoacids Related",0.042758,0.031865,0.0038107,-0.056121,-0.048289
"TCA","Bile Acids",0.042334,0.040707,0.027576,0.051785,-0.020769
"TG(18:1_30:1)","Triacylglycerols",-0.042082,0.058683,-0.04072,-0.0044624,0.036493
"TG(20:5_34:2)","Triacylglycerols",0.041952,0.043045,0.049319,-0.045955,0.031404
"GABA","Biogenic Amines",0.041843,-0.027999,-0.019268,0.027099,-0.053626
"AA","Fatty Acids",0.041707,-0.0020463,-0.056056,-0.071015,0.0021052
"Lys","Aminoacids",0.041669,-0.06705,0.026981,-0.054375,0.024847
"Cer(d18:2/24:0)","Ceramides",0.041623,-0.026389,0.011813,-0.068992,-0.060924
"Cer(d18:2/20:0)","Ceramides",0.041601,-0.00205,-0.036962,-0.018549,-0.069389
"PAG","Aminoacids Related",0.041459,-0.024406,-0.052834,0.020428,0.016755
"Cer(d18:0/20:0)","Dihydroceramides",0.041442,-0.022943,-0.030631,0.070559,-0.019259
"C16-OH","Acylcarnitines",0.041169,0.0074244,-0.077882,-0.057733,0.01195
"TG(14:0_34:3)","Triacylglycerols",0.041145,0.012685,-0.0026033,0.0032108,-0.020757
"TG(20:5_36:3)","Triacylglycerols",-0.040866,0.02178,-0.011325,-0.026301,-0.055356
"TG(16:1_36:3)","Triacylglycerols",0.040525,0.060667,-0.036482,0.029437,0.0018098
"HexCer(d18:1/16:0)","Glycosylceramides",0.040079,-0.0039505,0.067915,0.0097063,-0.021391
"c4-OH-Pro","Aminoacids Related",0.039653,0.00077198,0.080527,0.0033167,0.077702
"HexCer(d18:1/23:0)","Glycosylceramides",0.039162,0.0035113,-0.060688,-0.013359,-0.069276
"TG(17:2_36:4)","Triacylglycerols",-0.039097,-0.019744,0.043935,0.00069408,-0.017515
"lysoPC a C20:4","Glycerophospholipids",0.038969,-0.028994,-0.088016,-0.050237,-0.010849
"lysoPC a C20:3","Glycerophospholipids",0.038708,-0.032011,-0.079558,-0.060378,0.00012277
"HArg","Aminoacids Related",0.038674,-0.042864,0.066248,-0.042684,0.04227
"DG(16:0_16:1)","Diacylglycerols",0.038637,0.013469,0.0035369,0.0046411,-0.067066
"GCDCA","Bile Acids",0.038582,0.040222,0.035981,-0.012787,-0.032171
"DG(18:3_20:2)","Diacylglycerols",-0.038452,0.026678,0.024635,-0.059668,0.019407
"Cer(d18:0/22:0)","Dihydroceramides",-0.038315,0.030244,0.042768,-0.040863,0.042801
"C18","Acylcarnitines",0.038174,-0.015083,-0.064442,-0.075378,0.032044
"C10","Acylcarnitines",-0.038155,0.040328,0.057369,-0.042215,-0.017921
"TG(22:5_34:2)","Triacylglycerols",0.037824,0.040579,0.0028762,0.02426,-0.084288
"TG(16:1_28:0)","Triacylglycerols",0.037823,0.013356,0.00010179,-0.01198,0.019301
"HexCer(d18:2/24:0)","Glycosylceramides",0.037563,0.018433,-0.0048424,-0.002278,-0.030091
"C5:1","Acylcarnitines",0.037078,0.040331,-0.011366,0.051264,0.054407
"TG(18:2_33:2)","Triacylglycerols",-0.037074,0.014689,0.024825,-0.043727,-0.04298
"DG(18:1_18:1)","Diacylglycerols",0.037054,-0.013818,-0.091393,0.0096906,-0.011071
"DG(16:0_20:4)","Diacylglycerols",0.037048,0.021541,0.0043938,-0.030128,-0.067039
"TG(18:0_30:0)","Triacylglycerols",-0.037023,0.029852,0.066447,0.028114,0.041428
"TG(20:4_36:2)","Triacylglycerols",0.036959,0.041065,-0.033627,-0.065317,-0.019307
"CE(14:0)","Cholesterol Esters",-0.036595,-0.060164,0.0058712,-0.060469,-0.052226
"CE(17:0)","Cholesterol Esters",0.036049,0.019281,0.024153,0.040874,0.021735
"TG(20:1_26:1)","Triacylglycerols",-0.0354,0.036013,-0.026691,0.057038,0.018885
"TG(18:1_38:7)","Triacylglycerols",-0.035247,-0.039029,0.070963,-0.060878,-0.0026474
"C5","Acylcarnitines",0.035138,0.031217,0.058674,0.047125,0.0087225
"TG(20:4_36:4)","Triacylglycerols",0.034985,0.050767,0.027396,-0.019899,0.031811
"Cer(d18:2/16:0)","Ceramides",0.03497,-0.04936,0.023859,-0.030038,-0.040661
"TG(18:2_32:1)","Triacylglycerols",0.034963,0.093327,-0.003326,-0.0072769,-0.014944
"HexCer(d18:1/18:1)","Glycosylceramides",0.034597,-0.0039011,-0.038307,-0.01796,-0.01856
"Hex2Cer(d18:1/26:0)","Glycosylceramides",0.034386,-0.014301,-0.055814,0.026488,0.05345
"ProBetaine","Aminoacids Related",0.034339,0.031175,0.093963,0.045006,0.015983
"TG(18:0_32:0)","Triacylglycerols",-0.034273,0.040888,0.029761,-0.093644,-0.023894
"HexCer(d18:1/14:0)","Glycosylceramides",-0.034038,0.003288,0.024158,0.019604,-0.015285
"Cer(d16:1/22:0)","Ceramides",-0.033848,-0.03854,0.015934,-0.040711,-0.00043261
"TG(16:0_38:7)","Triacylglycerols",0.03378,0.0062428,0.018231,-0.053303,-5.511e-05
"TG(16:0_38:1)","Triacylglycerols",-0.033684,0.045818,0.034337,-0.047133,-0.043424
"TG(20:1_24:3)","Triacylglycerols",-0.033681,0.038021,-0.014115,0.0013365,-0.085649
"DG(18:1_18:4)","Diacylglycerols",-0.033526,0.041589,0.032399,-0.049564,0.0029346
"C18:1-OH","Acylcarnitines",0.033491,0.0017626,-0.094865,-0.045348,0.018571
"TG(14:0_38:5)","Triacylglycerols",-0.033418,0.035058,-0.0083783,-0.037836,-0.05976
"GDCA","Bile Acids",0.033251,-0.0030602,0.0013361,0.011975,-0.080989
"TMCA","Bile Acids",0.033186,0.037813,-0.003702,0.017828,-0.042544
"TG(16:0_32:0)","Triacylglycerols",-0.033048,0.067616,-0.066701,-0.029028,0.031261
"TG(16:0_28:1)","Triacylglycerols",-0.032764,0.048134,0.051598,-0.015988,0.050496
"Cer(d18:1/18:1)","Ceramides",0.032641,-0.0010578,0.055424,0.022535,0.061389
"C14:1","Acylcarnitines",0.032567,0.013242,-0.076673,-0.062268,0.028516
"TG(20:2_34:3)","Triacylglycerols",0.032157,-0.017381,0.013558,-0.011179,0.023462
"TG(20:4_34:2)","Triacylglycerols",0.032083,0.046354,-0.030679,-0.0089425,0.082267
"DG(16:1_18:2)","Diacylglycerols",0.031921,-0.013018,-0.048703,-0.0060505,-0.077045
"TG(16:0_38:6)","Triacylglycerols",0.03191,0.046487,0.022274,0.0033827,-0.054853
"TG(16:0_34:2)","Triacylglycerols",0.031892,0.06416,-0.037896,0.06185,0.014695
"C16:1-OH","Acylcarnitines",0.031791,0.012281,-0.09658,-0.046249,0.019099
"SM C20:2","Sphingolipids",-0.031563,-0.031363,-0.029499,0.0075476,0.074713
"TG(18:2_38:5)","Triacylglycerols",0.031479,0.069349,-0.017003,0.0061798,-0.020983
"Cer(d16:1/18:0)","Ceramides",0.031353,-0.057819,-0.033712,0.035686,-0.063353
"Cer(d18:2/22:0)","Ceramides",0.031232,-0.04552,-0.056553,-0.0094784,-0.070343
"TG(16:1_32:2)","Triacylglycerols",-0.031231,0.048162,-0.036129,0.012473,0.012723
"TG(18:1_34:2)","Triacylglycerols",0.031173,0.077481,-0.070703,-0.001488,0.031019
"DG(14:0_14:0)","Diacylglycerols",-0.031076,-0.0072684,0.0064472,-0.045734,-0.090897
"CE(18:0)","Cholesterol Esters",-0.030731,0.046769,0.040331,-0.0078961,0.012327
"TG(18:1_36:6)","Triacylglycerols",-0.03071,0.028846,-0.053181,-0.027057,-0.024801
"TG(18:0_32:1)","Triacylglycerols",-0.030707,0.078106,-0.024738,-0.0043217,0.052917
"TG(16:0_35:1)","Triacylglycerols",-0.030458,0.015006,-0.044571,0.0029114,-0.048237
"DG(18:0_20:4)","Diacylglycerols",0.030129,0.033322,0.02369,0.015823,0.024729
"TG(18:0_36:1)","Triacylglycerols",-0.03003,-0.013346,0.078787,-0.021718,0.031249
"TG(18:0_36:4)","Triacylglycerols",0.0298,0.093814,0.0045052,0.010273,-0.0099659
"TG(17:1_36:4)","Triacylglycerols",0.029674,0.0067003,-0.076194,-0.052369,0.010667
"TG(14:0_39:3)","Triacylglycerols",-0.029654,-0.022393,0.0072441,0.00067374,0.019206
"Hex3Cer(d18:1/26:1)","Glycosylceramides",0.029632,0.010441,0.0457,-0.076013,0.022912
"GLCAS","Bile Acids",0.029612,0.03203,-0.026531,0.030192,0.059607
"TG(16:0_38:2)","Triacylglycerols",-0.029484,0.082442,0.039766,-0.0033018,-0.024661
"C16:2-OH","Acylcarnitines",0.029299,0.04729,-0.072406,-0.062744,0.060496
"TG(16:0_36:6)","Triacylglycerols",-0.029171,0.031953,-0.043635,-0.034707,-0.021376
"TG(20:1_32:1)","Triacylglycerols",-0.029163,0.042182,0.066024,-0.064403,-0.016891
"TG(17:0_34:2)","Triacylglycerols",-0.029146,0.051185,0.0088059,-0.0047805,0.036139
"DG(18:2_18:2)","Diacylglycerols",0.029002,0.0244,-0.049071,0.019728,-0.091485
"PC aa C24:0","Glycerophospholipids",0.028465,0.029762,0.029754,-0.082912,-0.016418
"CE(22:1)","Cholesterol Esters",-0.028056,-0.037832,0.031227,-0.049101,-0.062726
"DG(21:0_22:6)","Diacylglycerols",-0.028052,-0.059813,-0.012553,0.024056,-0.039467
"TG(18:1_32:2)","Triacylglycerols",0.027979,0.054655,-0.026813,0.051841,-0.053496
"TG(18:1_30:0)","Triacylglycerols",0.027973,0.046652,-0.0058653,-0.085622,0.030078
"TG(17:1_38:5)","Triacylglycerols",0.02795,0.024667,0.058128,0.0010153,-0.056173
"TG(18:2_30:0)","Triacylglycerols",0.027847,0.055334,-0.02302,0.090138,-0.044731
"TG(16:0_32:1)","Triacylglycerols",-0.027725,0.087299,-0.018251,-0.03836,0.025904
"DG(14:0_20:0)","Diacylglycerols",-0.027714,0.012179,0.022538,0.010203,-0.12086
"TG(20:4_30:0)","Triacylglycerols",0.02743,-0.047468,0.027991,0.046576,0.063514
"TG(18:2_33:1)","Triacylglycerols",0.027206,0.029265,0.013723,-0.0024565,-0.045778
"HipAcid","Carboxylic Acids",0.027166,0.017315,0.064612,0.081,0.0069823
"C16:2","Acylcarnitines",0.027088,0.027097,-0.085002,-0.051387,0.04504
"Cer(d16:1/24:0)","Ceramides",-0.027032,-0.030752,0.038215,0.014949,0.022193
"TG(17:0_36:4)","Triacylglycerols",-0.027002,0.056223,0.062939,-0.010926,-0.088542
"TG(18:1_36:5)","Triacylglycerols",-0.02688,0.049234,-0.022794,0.07966,-0.0076837
"TG(16:0_33:1)","Triacylglycerols",-0.026821,-0.045154,0.03478,-0.073386,-0.019853
"C12","Acylcarnitines",0.026755,0.011966,-0.025913,-0.086691,0.049971
"DG(17:0_17:1)","Diacylglycerols",-0.02661,0.012682,0.043214,0.031569,-0.045875
"TG(18:2_36:5)","Triacylglycerols",-0.026454,0.037617,0.0085636,0.036631,-0.10647
"TG(18:0_38:7)","Triacylglycerols",0.02641,0.038594,0.031251,-0.0013923,-0.059832
"CDCA","Bile Acids",0.026378,-0.022182,0.027852,0.0016804,0.077727
"DiCA(12:0)","Carboxylic Acids",0.026355,-0.023,0.025003,-0.04622,-0.039178
"5-AVA","Aminoacids Related",0.026173,0.028886,0.048338,0.0534,-0.00022467
"DG(16:0_20:0)","Diacylglycerols",0.026126,0.064304,0.038913,0.028618,0.030051
"TG(20:4_34:0)","Triacylglycerols",0.026014,0.043728,-0.027852,0.056601,-0.05091
"DG(18:1_22:6)","Diacylglycerols",-0.025963,0.021644,0.021,-0.0012592,-0.11817
"TG(17:0_34:1)","Triacylglycerols",-0.025878,0.040402,0.04957,0.052975,-0.078576
"CE(18:3)","Cholesterol Esters",0.025769,-0.015224,-0.027956,-0.066785,0.041498
"TG(17:1_34:1)","Triacylglycerols",-0.025677,0.066038,0.052948,-0.038147,-0.023048
"TG(18:2_33:0)","Triacylglycerols",-0.025642,0.057292,0.031727,-0.02423,-0.074918
"CA","Bile Acids",0.025627,-0.0077918,0.0002759,0.020392,-0.0089373
"TG(14:0_36:2)","Triacylglycerols",0.025199,0.059262,-0.021846,0.059617,0.024296
"TG(17:0_34:3)","Triacylglycerols",-0.025179,0.058086,0.013923,0.0091651,-0.057225
"Cortisol","Hormones",-0.025117,-0.040276,-0.011588,0.024511,-0.025972
"TG(17:0_36:3)","Triacylglycerols",-0.024961,0.046487,-0.0084005,0.036973,0.016532
"TG(16:1_34:0)","Triacylglycerols",-0.024819,0.074961,0.026123,-0.0050408,-0.036559
"TG(17:1_34:3)","Triacylglycerols",-0.024781,0.035811,0.036382,-0.0012128,-0.0079864
"C12-DC","Acylcarnitines",-0.024774,0.030862,-0.011674,-0.040005,-0.021942
"TG(18:2_34:4)","Triacylglycerols",-0.024656,0.061335,0.022738,-0.073461,-0.041085
"TG(20:3_32:0)","Triacylglycerols",-0.024428,0.04519,-0.0086847,-0.059649,0.00072111
"TG(17:2_34:2)","Triacylglycerols",0.02441,0.072068,-0.0033897,0.017719,0.0074591
"Cortisone","Hormones",0.024191,0.036246,-0.037196,0.03846,-0.02358
"TG(14:0_32:2)","Triacylglycerols",-0.024158,0.02188,-0.0048269,0.080949,0.054834
"TG(18:2_34:2)","Triacylglycerols",0.024039,0.074323,-0.023858,-0.0064584,0.070575
"CE(20:1)","Cholesterol Esters",-0.024037,0.040151,0.069997,0.012096,0.060579
"Cer(d18:2/18:1)","Ceramides",0.023916,0.017386,0.053179,-0.095086,-0.026826
"C9","Acylcarnitines",-0.023901,0.031649,-0.025295,0.044416,-0.098391
"TG(22:4_34:2)","Triacylglycerols",0.023785,0.05687,0.040909,-0.034619,0.050337
"Hex2Cer(d18:1/26:1)","Glycosylceramides",0.023628,-0.023718,0.090636,-0.030491,0.024185
"DG(14:1_18:1)","Diacylglycerols",0.023435,-0.047223,-0.013261,-0.0068964,-0.071758
"TG(20:4_34:3)","Triacylglycerols",-0.02341,0.046791,0.010874,-0.024932,0.070073
"TG(18:3_33:2)","Triacylglycerols",-0.023095,0.012384,0.046783,-0.054774,0.021368
"TG(20:3_36:5)","Triacylglycerols",0.023036,-0.058171,0.036051,-0.05972,-0.0025382
"C3-OH","Acylcarnitines",-0.02295,0.011089,-0.0058687,-0.031013,-0.088914
"DG(18:1_18:3)","Diacylglycerols",-0.022839,-0.030483,-0.079825,-0.047395,-0.057174
"TG(20:5_34:0)","Triacylglycerols",-0.022783,-0.00038169,0.0069052,-0.04365,0.032338
"TG(20:1_34:0)","Triacylglycerols",-0.022764,0.066417,-0.0015911,-0.020401,-0.0037497
"TG(18:0_32:2)","Triacylglycerols",-0.022604,0.04977,-0.017378,0.079405,-0.0041852
"TG(18:0_30:1)","Triacylglycerols",-0.022591,0.018492,-0.0039014,-0.071117,0.052578
"TG(20:2_34:2)","Triacylglycerols",-0.022302,0.051915,-0.016954,0.082904,0.017993
"TG(16:1_32:1)","Triacylglycerols",-0.021958,0.06218,0.043324,-0.036677,0.0030445
"TG(20:2_32:0)","Triacylglycerols",-0.021714,0.050117,0.035126,-0.038083,0.00070819
"TG(22:1_32:5)","Triacylglycerols",-0.02166,0.019663,0.0081861,-0.097969,-0.045249
"TG(22:6_34:2)","Triacylglycerols",0.02165,0.085043,0.013301,0.034686,-0.029398
"TG(17:1_32:1)","Triacylglycerols",-0.021603,0.05649,0.0085943,-0.049002,0.002039
"TG(22:3_30:2)","Triacylglycerols",-0.021264,0.048046,-0.040112,0.00058365,-0.016141
"TG(20:4_33:2)","Triacylglycerols",-0.021141,0.042577,0.014165,-0.0021445,0.023902
"p-Cresol-SO4","Cresols",0.021095,-0.0029953,-0.038163,0.075943,0.017343
"TG(20:3_34:0)","Triacylglycerols",-0.020961,0.068927,0.016076,-0.025218,0.050081
"CE(22:6)","Cholesterol Esters",-0.020809,0.059065,-0.008872,-0.029972,-0.0068212
"CE(22:0)","Cholesterol Esters",-0.020678,0.048141,-0.026323,0.00037178,0.007909
"TG(18:3_38:5)","Triacylglycerols",-0.020606,0.012051,-0.020948,0.052471,0.013675
"TG(17:0_32:1)","Triacylglycerols",-0.02054,-0.028752,0.016009,-0.048077,-0.034091
"TG(14:0_36:4)","Triacylglycerols",0.020124,0.074424,0.030631,0.019352,0.048326
"DG(18:2_18:4)","Diacylglycerols",0.020019,-0.018335,0.054402,-0.046022,0.064688
"Putrescine","Biogenic Amines",0.019999,-0.0014524,0.066243,-0.06613,0.0733
"TG(22:5_32:1)","Triacylglycerols",0.01988,0.015425,-0.0047963,-0.031956,-0.031955
"TG(18:1_34:3)","Triacylglycerols",0.019593,0.079127,-0.060822,0.031745,0.033413
"TG(18:2_30:1)","Triacylglycerols",0.019588,0.022038,0.06363,-0.0089247,-0.0061899
"TG(20:5_34:1)","Triacylglycerols",-0.019162,0.059151,0.023087,0.0050796,-0.0022542
"TG(16:0_34:0)","Triacylglycerols",-0.019135,0.07436,0.020293,0.0037841,-0.032979
"TG(17:2_38:6)","Triacylglycerols",-0.019057,0.010854,-0.017275,0.087012,-0.080865
"TG(18:2_34:1)","Triacylglycerols",0.018868,0.074069,-0.067348,0.016148,0.02709
"TG(14:0_34:0)","Triacylglycerols",-0.018764,0.042999,0.065315,0.0021797,0.058223
"TG(20:2_36:5)","Triacylglycerols",-0.018756,-0.016209,0.075961,-0.039164,-0.018818
"CE(15:1)","Cholesterol Esters",0.018719,0.069529,0.018348,0.017663,-0.061057
"TG(17:2_36:2)","Triacylglycerols",0.018705,0.026087,-0.040278,-0.032486,-0.073307
"TG(14:0_35:1)","Triacylglycerols",-0.018624,-0.014623,-0.028256,0.020263,-0.025901
"TG(18:0_36:2)","Triacylglycerols",-0.01822,0.08371,-0.018667,0.028314,0.032502
"TG(18:1_36:2)","Triacylglycerols",-0.018149,0.075045,0.010246,-0.0021661,0.032263
"3-IPA","Indoles Derivatives",0.018023,0.015958,0.034112,-0.07781,0.013464
"TG(18:1_32:3)","Triacylglycerols",-0.017948,0.061413,0.05547,-0.032731,0.0040733
"TG(18:0_38:6)","Triacylglycerols",-0.017706,0.066647,0.046561,-0.013033,0.020199
"TG(20:4_36:5)","Triacylglycerols",0.017391,-0.060162,0.058901,0.029306,-0.054858
"C14:2","Acylcarnitines",0.01733,0.021226,-0.08805,-0.040938,0.054909
"TG(18:1_26:0)","Triacylglycerols",-0.017168,0.0081234,0.01899,0.083505,0.04678
"DG(16:0_20:3)","Diacylglycerols",0.017022,0.0055974,0.015794,0.0029284,-0.058093
"DG(18:3_18:3)","Diacylglycerols",-0.016991,0.01776,0.053889,0.015927,-0.089821
"Cer(d16:1/23:0)","Ceramides",-0.016794,0.024136,0.04725,-0.055545,-0.016602
"TG(16:1_38:4)","Triacylglycerols",0.016732,0.019672,-0.017078,0.05082,-0.058159
"TG(22:2_32:4)","Triacylglycerols",-0.016656,-0.0014744,0.046154,-0.058714,-0.10581
"Cer(d18:0/26:1)","Dihydroceramides",-0.016557,-0.032899,0.034632,-0.038673,-0.051589
"TG(16:0_40:7)","Triacylglycerols",-0.016505,-0.010859,0.028558,-0.074518,-0.016984
"TG(22:5_34:3)","Triacylglycerols",-0.016439,0.036214,0.0022597,0.015528,-0.083783
"TG(18:2_36:2)","Triacylglycerols",-0.016226,0.080231,-0.043153,0.0019747,0.0048043
"TG(16:0_32:3)","Triacylglycerols",-0.016111,0.04557,0.023421,0.026533,0.013022
"TG(16:1_32:0)","Triacylglycerols",-0.016052,0.068768,0.055244,-0.034375,0.00071083
"TG(18:2_36:1)","Triacylglycerols",0.015952,0.091681,0.00053696,-0.002071,0.0037761
"TG(16:1_33:1)","Triacylglycerols",-0.015928,0.012135,0.052213,-0.0054319,-0.0083517
"TG(22:4_32:2)","Triacylglycerols",-0.015854,0.069411,0.034867,0.017264,-0.051914
"CE(20:5)","Cholesterol Esters",-0.015826,0.0049468,0.045295,-0.06046,0.0080155
"CE(20:4)","Cholesterol Esters",0.015799,0.034501,0.067195,-0.037148,-0.014162
"TG(18:3_36:1)","Triacylglycerols",-0.015726,0.067441,0.046189,-0.01402,0.011126
"TG(18:2_28:0)","Triacylglycerols",0.015499,0.051929,0.03396,0.0085572,0.038835
"DG(18:1_20:0)","Diacylglycerols",0.015361,0.044036,0.017292,-0.089278,-0.022621
"TG(18:2_38:6)","Triacylglycerols",0.015331,0.032113,0.01631,0.011342,0.087945
"TG(16:0_36:3)","Triacylglycerols",0.015296,0.074879,-0.073243,-0.0027734,0.03502
"TG(20:3_32:2)","Triacylglycerols",-0.015284,-0.014646,0.021598,0.012592,0.0042701
"DHEAS","Hormones",-0.015283,0.017308,0.017715,0.045544,0.045386
"TG(18:1_35:3)","Triacylglycerols",-0.015263,0.068893,-0.050582,-0.040673,-0.032982
"TG(20:1_31:0)","Triacylglycerols",-0.015195,0.048885,0.085171,-0.037679,-0.014335
"TG(18:3_35:2)","Triacylglycerols",-0.015115,0.03297,0.038518,-0.040891,-0.092966
"C5-DC (C6-OH)","Acylcarnitines",-0.015058,0.024284,-0.023641,-0.10601,-0.038967
"TG(16:1_36:2)","Triacylglycerols",0.014734,0.066051,-0.074298,0.033702,-0.066392
"TG(18:3_36:2)","Triacylglycerols",-0.014638,0.04684,0.054073,-0.056659,0.0079172
"TG(16:1_38:5)","Triacylglycerols",-0.014617,0.021198,-0.037999,0.0062192,-0.094313
"TG(20:5_36:2)","Triacylglycerols",0.014603,0.04974,0.039248,-0.031525,-0.076374
"TG(18:2_36:4)","Triacylglycerols",-0.014501,0.058997,0.034555,-0.00034701,-0.049058
"FA(18:0)","Fatty Acids",-0.01427,-0.037204,0.0060925,-0.084684,-0.020609
"TG(18:3_34:2)","Triacylglycerols",-0.014265,0.068536,0.00090955,-0.026303,-0.013265
"Hex3Cer(d18:1/16:0)","Glycosylceramides",0.014068,0.049869,-0.032949,-0.035806,-0.040835
"CE(14:1)","Cholesterol Esters",-0.01401,0.011175,0.0049704,0.011553,-0.1066
"GUDCA","Bile Acids",0.013963,-0.024936,-0.058315,0.02522,-0.024512
"C10:2","Acylcarnitines",0.013866,0.031733,0.017476,-0.073261,-0.028606
"TG(20:2_34:4)","Triacylglycerols",-0.013795,0.015277,-0.095676,0.011505,-0.0085876
"Cer(d18:1/20:0(OH))","Ceramides",0.013787,0.013374,-0.058666,0.057748,-0.000431
"TG(18:1_35:2)","Triacylglycerols",0.01371,0.063114,0.038094,0.031155,-0.018416
"TG(18:3_36:3)","Triacylglycerols",0.01368,0.055014,0.072606,-0.036106,-0.039634
"TG(20:4_35:3)","Triacylglycerols",-0.01367,0.038632,-0.041865,-0.004297,-0.00055996
"DCA","Bile Acids",0.013403,0.025025,-0.042544,0.085605,-0.00049586
"C3:1","Acylcarnitines",0.013318,0.066139,-0.011782,-0.027271,-0.010871
"TG(18:1_31:0)","Triacylglycerols",-0.013204,0.056848,0.034445,-0.056909,-0.083539
"3-IAA","Indoles Derivatives",0.013049,0.050723,0.044841,-0.015274,0.011458
"Cer(d18:0/24:1)","Dihydroceramides",-0.012913,0.0006407,-0.068172,0.0069646,0.046726
"TG(16:0_40:6)","Triacylglycerols",-0.012838,0.046849,-0.072491,-0.02869,-0.012024
"TG(18:2_34:0)","Triacylglycerols",0.012809,0.10904,-0.015527,0.0095816,0.013311
"Cer(d16:1/20:0)","Ceramides",0.012597,0.033039,0.052522,-0.002856,-0.091918
"FA(20:2)","Fatty Acids",-0.012369,-0.046846,-0.024711,-0.071077,-0.083298
"TG(17:1_38:6)","Triacylglycerols",-0.01234,-0.049581,-0.07907,-0.035702,-0.0058496
"DG(18:1_22:5)","Diacylglycerols",-0.012315,0.042375,0.033986,0.010719,-0.10158
"TG(18:0_36:5)","Triacylglycerols",0.012171,0.053721,0.030405,-0.045266,-0.072453
"FA(20:3)","Fatty Acids",0.012055,0.046906,0.030316,0.038461,-0.087583
"Indole","Indoles Derivatives",-0.012034,-0.009961,0.025942,-0.029233,-0.088946
"TG(16:1_34:3)","Triacylglycerols",-0.012017,0.061799,-0.051406,0.033663,-0.01656
"C4:1","Acylcarnitines",-0.011998,0.066027,-0.0094327,0.03651,-0.013237
"TG(16:1_30:1)","Triacylglycerols",0.011977,0.066267,0.040911,-0.013408,0.03969
"TG(18:2_35:3)","Triacylglycerols",0.01168,-0.011721,0.0065609,-0.045967,0.081591
"DG(18:1_20:3)","Diacylglycerols",-0.011613,0.012814,0.024136,0.049141,0.060931
"SDMA","Aminoacids Related",0.011595,-0.024867,0.066291,-0.051852,0.053345
"TG(16:1_38:3)","Triacylglycerols",-0.011518,0.071783,-0.020408,0.014038,-0.031786
"TG(18:2_32:0)","Triacylglycerols",0.011483,0.092879,-0.016125,-0.012732,0.04542
"TG(16:1_36:4)","Triacylglycerols",0.011433,0.057024,-0.059293,-0.050789,0.0038516
"CE(16:0)","Cholesterol Esters",-0.011275,0.021054,0.036949,0.025739,0.069298
"TrpBetaine","Aminoacids Related",-0.011241,-0.05942,-0.032432,0.060389,-0.023522
"TG(22:6_32:1)","Triacylglycerols",0.01123,0.020487,0.034711,0.060626,-0.088106
"DG(16:1_18:1)","Diacylglycerols",-0.011158,0.017097,-0.00020287,0.011586,-0.14323
"TG(18:1_33:1)","Triacylglycerols",-0.010991,0.039767,0.033909,0.045483,-0.014764
"TG(16:0_35:3)","Triacylglycerols",-0.010772,0.069554,0.02219,-0.078115,0.044532
"C10:1","Acylcarnitines",0.01071,-0.0025028,-0.061573,-0.090987,0.024182
"TDCA","Bile Acids",-0.010688,-0.018034,-0.023351,0.022762,-0.02309
"TG(18:1_34:1)","Triacylglycerols",0.010628,0.096377,-0.043583,0.033329,0.015682
"Cer(d18:1/18:0(OH))","Ceramides",-0.010586,0.021797,0.063149,0.0050725,-0.027988
"TG(18:1_36:3)","Triacylglycerols",0.010504,0.063725,-0.039942,-0.059602,0.018015
"CE(18:1)","Cholesterol Esters",-0.01042,-0.054329,-0.043317,-0.08418,-0.020473
"TG(18:0_34:2)","Triacylglycerols",-0.010399,0.07231,-0.017465,0.038962,-0.0059829
"DG(17:0_18:1)","Diacylglycerols",-0.01039,0.0023133,0.067068,0.033023,0.033562
"TG(16:0_38:5)","Triacylglycerols",0.010236,0.077868,-0.011638,-0.024446,0.011383
"TG(20:1_34:1)","Triacylglycerols",-0.010228,0.068141,0.0070479,0.059839,0.030735
"CE(16:1)","Cholesterol Esters",-0.010198,0.017863,-0.0043827,0.026014,0.083946
"TG(17:1_36:3)","Triacylglycerols",0.010168,0.066873,-0.019102,0.018901,0.039128
"TG(16:1_34:1)","Triacylglycerols",-0.010074,0.085463,-0.03436,-0.049252,0.0376
"TG(16:1_36:1)","Triacylglycerols",-0.0099269,0.066631,0.019412,0.024504,-0.094477
"TG(20:1_32:2)","Triacylglycerols",-0.0099252,0.034355,-0.047848,-0.0050608,-0.036829
"C14:2-OH","Acylcarnitines",0.0098381,0.045322,-0.023882,-0.02516,0.047898
"TG(22:6_34:1)","Triacylglycerols",0.0098296,0.031753,-0.018577,0.077663,-0.012707
"TG(20:0_32:3)","Triacylglycerols",0.009829,0.015542,-0.009192,0.082382,-0.0062019
"SM C22:3","Sphingolipids",0.0097894,-0.047209,-0.071954,-0.084755,-0.0037561
"TG(18:3_30:0)","Triacylglycerols",-0.0095925,0.040625,0.061744,-0.01087,0.0034647
"TG(20:4_32:2)","Triacylglycerols",0.0095498,-0.0088308,-0.060629,-0.079944,-0.0056172
"HexCer(d18:1/26:1)","Glycosylceramides",-0.0094061,0.014748,0.041738,-0.045711,-0.023393
"TG(16:1_36:5)","Triacylglycerols",0.0093537,0.058268,-0.013955,-0.037155,0.029637
"TG(16:0_35:2)","Triacylglycerols",-0.0093378,-0.004812,-0.08363,0.0066513,0.034083
"Hex3Cer(d18:1_20:0)","Glycosylceramides",-0.009302,0.046665,0.028921,-0.089471,0.042637
"TG(18:3_32:1)","Triacylglycerols",-0.0092452,0.032354,-0.042619,-0.0080959,0.043854
"HexCer(d18:2/22:0)","Glycosylceramides",0.0091382,0.0034865,-0.030929,-0.03589,-0.078072
"DG(18:0_20:0)","Diacylglycerols",-0.0090697,0.041851,-0.036025,-0.075757,-0.053735
"TG(18:1_36:0)","Triacylglycerols",-0.0090596,0.046356,-0.015709,-0.076644,-0.049423
"HexCer(d18:2/23:0)","Glycosylceramides",0.0090171,-0.033172,-0.021517,0.083851,-0.013422
"C7-DC","Acylcarnitines",0.0089909,0.016099,-0.01437,-0.050266,-0.03272
"DG(14:1_20:2)","Diacylglycerols",0.0088995,0.039883,0.040333,0.034042,0.0087239
"TG(18:1_33:2)","Triacylglycerols",-0.0088638,0.020021,0.079589,0.014046,-0.022294
"DG-O(16:0_18:1)","Diacylglycerols",-0.0088083,0.0011435,0.069317,-0.049673,-0.059772
"GLCA","Bile Acids",0.0087639,0.049111,0.020043,-0.014112,0.01903
"TG(18:2_35:2)","Triacylglycerols",-0.0087141,0.01618,-0.016286,-0.062217,-0.072988
"DG(18:1_20:1)","Diacylglycerols",-0.0086628,0.043121,-0.0036022,0.047227,-0.073432
"TG(18:2_36:0)","Triacylglycerols",-0.008484,0.085102,0.043789,-0.029891,-0.0060912
"Cer(d18:0/24:0)","Dihydroceramides",-0.0084421,-0.039684,-0.047551,0.017539,0.025439
"DG(22:1_22:2)","Diacylglycerols",-0.0084323,-0.0287,-0.0041286,0.066231,0.0051895
"FA(14:0)","Fatty Acids",0.0082885,-0.03383,0.037961,0.021355,-0.0075141
"Cystine","Aminoacids Related",0.0082619,0.070857,0.019397,0.023412,-0.021435
"TG(18:3_34:3)","Triacylglycerols",0.0081525,0.02205,-0.00050244,0.063898,-0.013183
"TG(18:1_33:3)","Triacylglycerols",-0.0081038,0.0096627,0.0070659,0.061646,-0.01962
"TG(20:3_34:2)","Triacylglycerols",0.0080869,0.053934,-0.032178,0.070549,-0.026317
"Ac-Orn","Aminoacids Related",0.0077934,0.034925,-0.050651,0.056903,0.021145
"TG(16:0_28:2)","Triacylglycerols",-0.007657,0.049958,0.054531,-0.053009,0.020671
"TG(18:0_34:3)","Triacylglycerols",-0.0075608,0.049932,-0.035488,0.019456,-0.0080006
"FA(12:0)","Fatty Acids",-0.0073756,-0.0344,0.030094,0.074667,-0.00084795
"TG(20:1_30:1)","Triacylglycerols",0.0073341,0.023847,0.037999,-0.051499,0.054293
"TG(18:2_36:3)","Triacylglycerols",-0.0071828,0.090682,0.01511,0.04375,0.010907
"CE(22:2)","Cholesterol Esters",-0.007104,-0.023654,0.037981,0.072839,-0.04326
"CE(22:5)","Cholesterol Esters",0.0069893,0.012271,0.031538,0.0077873,0.0040258
"HexCer(d16:1/24:0)","Glycosylceramides",-0.0068964,-0.0044793,0.0009997,-0.043344,0.0047539
"TG(14:0_35:2)","Triacylglycerols",-0.0068594,0.020582,0.013257,-0.0093339,-0.053117
"TG(22:5_32:0)","Triacylglycerols",-0.0065104,0.030448,-0.014064,-0.014655,-0.12232
"Hex2Cer(d18:1/24:0)","Glycosylceramides",-0.006468,-0.058998,0.044284,0.060861,-0.027817
"DG(18:1_20:4)","Diacylglycerols",-0.00639,0.060269,-0.013031,-0.0466,-0.0026994
"TG(20:3_34:3)","Triacylglycerols",-0.0063742,0.010496,-0.01272,0.020018,0.040622
"TG(17:1_36:5)","Triacylglycerols",-0.0063263,0.044039,-0.048214,-0.064667,-0.02028
"DG(16:1_18:0)","Diacylglycerols",-0.0061925,0.011384,-0.058194,-0.035094,-0.0074444
"TG(20:1_34:3)","Triacylglycerols",-0.0061451,0.0725,0.010334,0.046982,0.0089398
"TG(18:3_34:1)","Triacylglycerols",-0.0061387,0.081875,-0.00039634,-0.06057,-0.034406
"TG(17:2_36:3)","Triacylglycerols",0.0060842,0.076471,-0.04867,-0.013217,0.012134
"TG(18:3_34:0)","Triacylglycerols",-0.0060178,0.074317,0.0018838,-0.0063692,0.040625
"TG(16:0_36:4)","Triacylglycerols",0.0060157,0.092482,-0.021702,0.023343,0.014113
"TG(22:4_32:0)","Triacylglycerols",0.0059734,0.058901,0.0061424,-0.035067,-0.06354
"CE(15:0)","Cholesterol Esters",-0.0059415,0.038991,0.013729,0.021768,-0.02547
"Cer(d18:2/14:0)","Ceramides",-0.0059281,0.036667,0.032799,-0.054943,0.039433
"TG(16:0_36:2)","Triacylglycerols",-0.005925,0.10129,-0.044241,-0.011363,0.031401
"FA(16:0)","Fatty Acids",0.0059153,-0.0047981,0.009593,-0.11981,0.0179
"TLCA","Bile Acids",0.0058434,0.031214,0.023594,0.028183,-0.0023377
"TG(18:1_36:4)","Triacylglycerols",-0.0058262,0.059377,-0.021014,-0.065536,-0.025814
"DG-O(14:0_18:2)","Diacylglycerols",0.0056782,0.022255,-0.033648,-0.026234,-0.021354
"TG(16:0_37:3)","Triacylglycerols",0.0055751,0.044393,-0.013922,-0.098994,-0.016928
"TG(16:0_34:1)","Triacylglycerols",0.0055602,0.10639,0.028137,0.00071278,-0.0055525
"TG(14:0_34:2)","Triacylglycerols",-0.0055489,0.064661,0.0055029,0.049405,0.032226
"CE(18:2)","Cholesterol Esters",-0.0055304,-0.017143,0.017575,-0.051119,-0.0085552
"PC aa C26:0","Glycerophospholipids",-0.0054296,-0.019427,0.079444,-0.052352,-0.0083205
"TG(20:2_34:1)","Triacylglycerols",0.0054103,0.066603,-0.061612,0.00086928,-0.054418
"DG(18:1_20:2)","Diacylglycerols",-0.0053885,0.088089,-0.0313,-0.0082584,0.047465
"C6 (C4:1-DC)","Acylcarnitines",-0.0053375,0.034878,-0.034916,-0.10444,-0.018033
"HexCer(d16:1/22:0)","Glycosylceramides",-0.0053173,0.003763,0.034488,0.077128,0.027666
"TG(20:3_36:3)","Triacylglycerols",0.0052671,0.068778,-0.054799,-0.0058644,-0.0017812
"TG(14:0_36:1)","Triacylglycerols",0.0052296,0.029383,0.018976,-0.0074013,-0.09409
"HexCer(d18:2/18:0)","Glycosylceramides",0.0051571,-0.0033483,-0.066016,0.01107,-0.0089628
"TG(20:4_32:0)","Triacylglycerols",-0.0050906,0.052811,0.052063,-0.055418,0.024662
"Hex2Cer(d18:1/24:1)","Glycosylceramides",-0.0049849,0.058331,-0.00061591,-0.049144,-0.041518
"TG(18:1_32:1)","Triacylglycerols",0.0049217,0.080692,-0.023044,0.055636,-0.038168
"DG(18:2_18:3)","Diacylglycerols",0.004782,0.035857,0.022804,-0.018097,-0.09253
"TG(16:0_34:4)","Triacylglycerols",-0.004743,0.033665,-0.019569,0.038347,-0.099434
"TG(20:1_34:2)","Triacylglycerols",-0.0047265,0.081928,-0.045944,0.039236,0.027248
"CE(20:3)","Cholesterol Esters",0.0047047,-0.013414,0.015337,-0.024625,-0.09186
"TG(18:1_32:0)","Triacylglycerols",0.0044813,0.10432,0.0029347,0.021332,-0.039065
"DiCA(14:0)","Carboxylic Acids",-0.0043351,0.0061683,0.015497,0.005662,0.012682
"TG(16:0_33:2)","Triacylglycerols",0.0043265,0.017857,-0.023908,-0.099397,0.0030317
"TG(16:0_32:2)","Triacylglycerols",0.0042987,0.082868,0.05565,-0.025887,-0.012142
"Hex3Cer(d18:1_22:0)","Glycosylceramides",0.0042618,0.053731,0.030641,-0.041457,0.043819
"DG(18:2_20:0)","Diacylglycerols",-0.0042601,0.0024993,0.019779,-0.0046228,-0.088231
"TG(22:6_34:3)","Triacylglycerols",0.0041944,0.035993,0.023771,0.025242,-0.087021
"TG(18:2_31:0)","Triacylglycerols",-0.0041606,-0.01145,0.070769,-0.02504,-0.047606
"C5:1-DC","Acylcarnitines",-0.0040559,0.045895,0.032551,0.047709,0.017099
"TG(18:1_28:1)","Triacylglycerols",-0.0040195,0.008762,0.032666,-0.029002,0.067008
"TG(20:1_32:3)","Triacylglycerols",0.0039229,0.023847,-0.010386,-0.0019774,-0.0083725
"C8","Acylcarnitines",0.0038619,0.043788,0.010277,-0.12006,0.010948
"TG(16:0_38:3)","Triacylglycerols",0.0038431,0.083461,-0.0081075,0.039911,0.063731
"TG(17:1_38:7)","Triacylglycerols",0.0037228,-0.015147,0.025729,-0.010962,-0.013034
"TCDCA","Bile Acids",-0.0035464,0.054671,0.0089726,-0.06165,-0.00010937
"Cer(d18:1/14:0)","Ceramides",0.0033407,-0.0096893,-0.019359,-0.043042,-0.049351
"Cer(d18:0/26:1(OH))","Dihydroceramides",0.0032683,0.0056984,0.062601,0.0033258,-0.042526
"FA(20:1)","Fatty Acids",-0.0031914,-0.010234,-0.051707,-0.0093444,0.021721
"TG(18:3_36:4)","Triacylglycerols",-0.0031214,0.032796,0.047598,-0.069413,-0.079128
"TG(18:0_36:3)","Triacylglycerols",-0.003023,0.07031,-0.0088454,0.059457,0.08834
"TG(20:4_32:1)","Triacylglycerols",-0.0029553,0.071626,0.018558,-0.069143,0.032476
"TG(22:6_32:0)","Triacylglycerols",0.0029474,0.091149,0.0017677,0.049582,0.027948
"Hex3Cer(d18:1/18:0)","Glycosylceramides",-0.0029047,-0.031346,-0.078474,-0.062601,-0.029783
"TG(18:2_34:3)","Triacylglycerols",0.0027106,0.074973,-0.020526,0.035504,0.036036
"Cer(d18:0/18:0(OH))","Dihydroceramides",-0.0027063,0.017618,0.00067714,-0.047143,0.027688
"Spermine","Biogenic Amines",0.0026097,0.028805,-0.035124,0.035712,-0.071915
"CE(17:1)","Cholesterol Esters",-0.002363,0.031473,0.052542,0.013785,0.055715
"TG(20:3_36:4)","Triacylglycerols",0.0020736,0.022147,0.0089221,-0.049752,-0.089768
"TG(14:0_36:3)","Triacylglycerols",-0.0019977,0.093908,-0.053885,0.022409,0.027845
"HexCer(d18:1/26:0)","Glycosylceramides",0.00199,-0.012674,-0.083804,0.027908,-0.071347
"DG(16:1_20:0)","Diacylglycerols",0.0019853,0.0278,-0.070237,-0.024694,0.027205
"TG(18:1_36:1)","Triacylglycerols",-0.0019853,0.06738,0.0029829,0.010829,-0.010569
"TG(17:2_38:5)","Triacylglycerols",-0.0018487,0.05394,-0.016354,-0.062045,0.075037
"TG(16:0_40:8)","Triacylglycerols",-0.0018122,-0.024161,0.080489,-0.018262,0.028161
"TG(20:2_32:1)","Triacylglycerols",-0.0017483,0.052904,0.023554,-0.036848,-0.078752
"SM C26:0","Sphingolipids",-0.0017088,0.075239,0.0055178,0.001763,0.010634
"Trigonelline","Alkaloids",-0.0017035,0.0075376,0.11256,0.0057608,0.059307
"TG(16:0_34:3)","Triacylglycerols",-0.0016015,0.090544,-0.056608,0.039332,0.0077379
"TG(18:2_35:1)","Triacylglycerols",-0.0015517,0.037896,-0.077597,-0.034223,-0.026753
"TG(18:1_30:2)","Triacylglycerols",0.0014817,0.028019,0.058157,-0.023564,-0.034924
"TG(20:4_36:3)","Triacylglycerols",-0.0012532,0.00029953,-0.044352,0.090338,-0.025046
"TG(16:1_34:2)","Triacylglycerols",-0.0010135,0.10241,-0.0062386,-0.033033,0.0044612
"HexCer(d18:2/16:0)","Glycosylceramides",-0.000888,0.078775,-0.045265,-0.027232,0.027148
"Cer(d18:1/26:1)","Ceramides",0.00075137,-0.0034203,-0.0041976,-0.054423,-0.041963
"TG(14:0_38:4)","Triacylglycerols",0.00059821,0.062222,0.045133,-0.01719,0.040667
"TG(18:1_33:0)","Triacylglycerols",-0.00054942,0.043402,0.02775,0.0053043,0.035187
"AbsAcid","Hormones",0.00053244,0.039189,-0.0092286,0.045066,0.035625
"TG(14:0_34:1)","Triacylglycerols",0.00046315,0.010144,-0.071217,0.01523,0.014386
"TG(20:3_34:1)","Triacylglycerols",-0.00036901,0.062088,0.034136,-0.040985,0.0309
"TG(18:1_34:4)","Triacylglycerols",0.00025052,0.052397,-0.045793,-0.056036,0.064954
"TG(22:5_34:1)","Triacylglycerols",0.00023346,0.035316,-0.063375,0.048917,0.055455
"DG-O(16:0_20:4)","Diacylglycerols",0.00016307,0.047831,0.039382,0.026881,-0.014718
