"","PC1","PC2","PC3","PC4","PC5","PC6","PC7","PC8","PC9","PC10","PC11","PC12"
"C0",0.067628,0.0086987,0.037811,-0.0030277,0.018273,-0.014809,-0.0067793,-0.0031243,-0.028139,0.015659,0.0077166,-0.4987
"C2",0.070274,-0.010587,0.0046818,-0.029418,0.010059,0.0055952,0.020635,0.0030748,-0.0028923,-0.0075583,0.012002,-0.097055
"C3",0.066407,-0.017798,0.04367,0.010379,0.0023696,-0.0085093,-0.015412,0.010925,-0.024004,-0.0055227,0.012738,0.46415
"C3-DC (C4-OH)",0.062278,-0.0032093,-0.0074929,-0.039829,-0.038976,0.017591,0.039787,-0.0059584,0.020522,0.033274,-0.0036999,0.39507
"C3-OH",-0.02295,0.011089,-0.0058687,-0.031013,-0.088914,-0.020425,0.064781,0.03908,-0.02558,0.077505,0.038394,0.50626
"C3:1",0.013318,0.066139,-0.011782,-0.027271,-0.010871,-0.084064,0.079508,-0.024255,0.0088723,0.0017502,0.012761,0.073445
"C4",0.064151,0.021178,0.032839,-0.02475,0.006384,-0.015899,0.022567,-0.037333,0.024743,-0.013395,-0.0024874,0.187
"C4:1",-0.011998,0.066027,-0.0094327,0.03651,-0.013237,0.0057364,-0.024295,-0.036247,-0.037789,0.11151,-0.035161,0.015159
"C5",0.035138,0.031217,0.058674,0.047125,0.0087225,-0.071237,0.039174,0.048409,-0.022471,-0.0087144,-0.0036593,-0.013044
"C5-DC (C6-OH)",-0.015058,0.024284,-0.023641,-0.10601,-0.038967,-0.018018,0.020108,-0.043837,0.03062,0.056539,-0.01331,0.19012
"C5-M-DC",-0.043109,-0.035809,-0.028717,0.025874,-0.037302,-0.035687,-0.029669,-0.059954,0.029478,-0.056175,-0.049951,-0.03368
"C5-OH (C3-DC-M)",0.061039,0.036729,0.025908,0.017118,0.0163,0.028942,0.024095,0.042097,0.018665,0.0013248,-0.016931,0.002446
"C5:1",0.037078,0.040331,-0.011366,0.051264,0.054407,0.044594,0.072022,-0.006123,0.040954,0.00026799,-0.0039596,0.0092186
"C5:1-DC",-0.0040559,0.045895,0.032551,0.047709,0.017099,0.015486,0.030086,-0.091622,-0.052593,0.043796,0.075052,-0.0044724
"C6 (C4:1-DC)",-0.0053375,0.034878,-0.034916,-0.10444,-0.018033,0.035706,-0.023595,-0.037092,0.036333,0.0049024,0.057546,0.0084745
"C6:1",-0.053503,0.034364,-0.039393,0.018806,-0.024474,-0.043342,0.024824,0.032907,-0.050054,-0.023128,0.0053169,0.00023568
"C7-DC",0.0089909,0.016099,-0.01437,-0.050266,-0.03272,-0.013358,-0.1243,0.046927,-0.037669,0.028593,0.0054076,0.0039775
"C8",0.0038619,0.043788,0.010277,-0.12006,0.010948,0.00030465,-0.014398,-0.036666,0.022157,0.021782,0.022666,-0.0074648
"C9",-0.023901,0.031649,-0.025295,0.044416,-0.098391,-0.035123,-0.03203,0.03801,-0.030819,-0.046983,0.019484,-0.0012853
"C10",-0.038155,0.040328,0.057369,-0.042215,-0.017921,0.0028803,-0.047774,-0.046898,0.022055,-0.0099368,0.067728,0.00089611
"C10:1",0.01071,-0.0025028,-0.061573,-0.090987,0.024182,-0.0001566,0.079128,-0.039759,-0.0044941,-0.0023632,0.010278,-0.022631
"C10:2",0.013866,0.031733,0.017476,-0.073261,-0.028606,-0.046833,0.018137,0.10625,0.032933,0.0014778,0.027883,0.00021053
"C12",0.026755,0.011966,-0.025913,-0.086691,0.049971,0.038641,-0.054065,-0.01697,-0.030486,0.051036,0.024405,0.0013005
"C12-DC",-0.024774,0.030862,-0.011674,-0.040005,-0.021942,-0.021789,0.075932,0.013169,-0.0057357,-0.063118,0.10835,-0.0043995
"C12:1",0.046515,0.0043173,-0.025022,-0.070039,0.0081967,0.015839,0.0079885,-0.0038224,-0.064252,0.031951,0.067323,-0.014163
"C14",0.044654,-0.0022149,-0.046099,-0.072977,0.047713,0.038041,-0.023422,-0.023813,0.011859,-0.0071954,0.030247,-0.0075549
"C14:1",0.032567,0.013242,-0.076673,-0.062268,0.028516,0.034156,-0.025559,-0.0042431,0.0011596,-0.0063252,0.071811,-0.0011555
"C14:1-OH",0.043813,0.010242,-0.027746,-0.065754,-0.010797,0.037552,0.038417,-0.062635,0.0073373,-0.013852,0.061041,-0.0084279
"C14:2",0.01733,0.021226,-0.08805,-0.040938,0.054909,0.052858,-0.034645,-0.00034776,0.010853,-0.022007,0.046351,0.0085505
"C14:2-OH",0.0098381,0.045322,-0.023882,-0.02516,0.047898,-0.058374,-0.0073465,0.036954,0.010474,0.0028864,0.1313,0.0022266
"C16",0.04896,-0.014831,-0.018263,-0.078062,0.046778,0.034078,-0.016365,-0.035766,0.0023826,0.0028139,0.014687,-0.0020224
"C16-OH",0.041169,0.0074244,-0.077882,-0.057733,0.01195,0.05402,0.012736,-0.0045031,0.014984,-0.00079174,0.022692,0.00023746
"C16:1",0.046934,0.0063991,-0.046968,-0.070476,0.045974,0.034458,-0.019243,-0.010663,-0.0032067,0.010228,0.038927,-0.0080233
"C16:1-OH",0.031791,0.012281,-0.09658,-0.046249,0.019099,0.025981,0.0096428,-0.046374,-0.0019905,0.0049472,0.032115,-0.0052063
"C16:2",0.027088,0.027097,-0.085002,-0.051387,0.04504,0.047466,-0.013267,0.0060739,0.0098059,0.020659,0.040915,0.01333
"C16:2-OH",0.029299,0.04729,-0.072406,-0.062744,0.060496,0.0051944,0.0043678,0.0038148,-0.007011,0.0090481,0.0015589,0.001456
"C18",0.038174,-0.015083,-0.064442,-0.075378,0.032044,0.046864,0.00070023,-0.020226,0.015332,0.014324,0.022212,-0.0059344
"C18:1",0.044339,0.001746,-0.039181,-0.068797,0.056162,0.04453,-0.025079,-0.021189,-0.010072,0.027535,0.021311,-0.0069577
"C18:1-OH",0.033491,0.0017626,-0.094865,-0.045348,0.018571,0.049558,0.0010884,-0.00087327,-0.0092903,0.016251,0.035753,-0.007251
"C18:2",0.05312,0.023569,-0.015927,-0.039736,0.068375,0.041833,-0.027569,0.0025098,-0.016108,0.025078,0.0025734,-0.002783
"Trigonelline",-0.0017035,0.0075376,0.11256,0.0057608,0.059307,-0.019832,-0.019104,-0.027656,-0.027842,-0.0090494,-0.028459,-0.0020291
"TMAO",0.046021,-0.0068497,0.089964,-0.022491,0.0073981,0.023823,-0.01718,0.0091347,0.024729,0.023513,-0.033311,-0.011305
"Ala",0.069132,-0.0054879,-0.0010204,-0.0080234,0.0077059,-0.026781,0.019294,0.037251,0.0080902,0.015537,0.0030967,0.00056491
"Arg",0.049619,-0.040724,0.060403,-0.041767,0.039582,-0.0084191,-0.02536,0.00029021,-0.018225,0.016194,0.0018565,0.0034622
"Asn",0.067058,0.0015466,0.0014543,0.018838,0.017231,-0.036841,-0.013615,-0.017956,0.038692,-0.0051821,0.015134,0.0012892
"Asp",0.059431,-0.011216,-0.042409,-0.030763,0.0023354,-0.014524,-0.040295,-0.031702,-0.0061822,-0.0073535,0.051145,-0.0020854
"Cys",0.054019,0.014466,0.02925,-0.0076711,-0.019073,-0.025008,0.044189,0.067272,-0.0018881,0.048253,0.035749,-0.0052178
"Gln",0.069208,0.0055816,0.0069512,0.017428,0.0068193,-0.01717,-0.026322,-0.014101,0.026263,0.021608,0.0095635,-0.0029883
"Glu",0.062534,0.016382,0.046029,0.027892,0.020745,-0.010272,-0.0033086,0.024529,-0.0052045,0.03465,0.015282,-0.00092861
"Gly",0.057581,0.00017925,0.063845,-0.0085848,0.0070488,-0.034077,-0.029882,-0.0051415,0.0079301,0.040692,-0.0013626,0.0017161
"His",0.069307,-0.006805,-0.026251,-0.0063413,0.013108,-0.022606,-0.010072,0.002945,0.021608,0.010818,0.019108,-0.0035356
"Ile",0.068998,-0.014479,-0.0094122,-0.014624,-0.018727,-0.012984,0.0077838,0.035454,0.0094916,0.014804,0.013863,-0.0031939
"Leu",0.069122,-0.010958,-0.0057136,-0.010621,-0.023851,-0.020309,0.015201,0.023997,0.0055808,0.016799,0.02302,-0.0038977
"Lys",0.041669,-0.06705,0.026981,-0.054375,0.024847,0.0072143,-0.036419,0.0096053,-0.032226,0.025067,0.0079807,0.0078767
"Met",0.052345,-0.010617,-0.015652,0.065417,0.018005,-0.01558,-0.020752,-0.0064007,0.068607,-0.038543,0.00216,0.0059017
"Phe",0.069778,0.0058454,-0.001936,-0.00048708,-0.018741,-0.03387,0.0061938,-0.0043486,0.022793,0.0018282,0.018609,-0.0063055
"Pro",0.063907,0.0033632,-0.029535,-0.010795,0.021927,-0.031933,0.0077639,0.043933,0.036946,0.011498,0.0023256,-0.001465
"Ser",0.058294,-0.033237,-0.028441,0.010511,-0.029709,-0.01403,-0.034514,0.0011088,0.028206,0.046064,0.039646,-0.0053365
"Thr",0.061527,-0.046205,-0.01116,0.00038031,-0.010385,-0.0023009,-0.0056405,0.047509,0.0087433,0.033437,0.011113,-0.0047521
"Trp",0.071558,-0.00038979,-0.0089476,-0.021517,-0.0012,-0.010112,0.0034271,0.0018264,-0.0039585,-0.0018988,0.024013,-0.00064354
"Tyr",0.064654,0.022757,-0.023668,0.022223,-0.02175,-0.024094,0.018708,0.002495,0.018825,0.014728,0.042534,0.00083895
"Val",0.067219,-0.0091324,0.0016627,-0.0053511,-0.025177,-0.0035328,0.0098478,0.04302,0.030189,0.02492,-0.014584,-0.0093137
"1-Met-His",0.052225,-0.016457,0.06529,-0.049061,0.045176,0.0011177,-0.00094085,0.017386,-0.010249,-0.0012707,-0.004106,-0.0012373
"3-Met-His",0.051715,-0.051391,0.011175,-0.059932,0.0074829,0.0036695,-0.00086048,-0.028645,-0.034998,0.021956,0.029295,-0.0051437
"5-AVA",0.026173,0.028886,0.048338,0.0534,-0.00022467,-0.020297,-0.029353,-0.017389,0.077726,-0.080023,-0.044616,0.013082
"AABA",0.058139,0.012634,-0.025002,-0.043617,0.043785,-0.021495,-0.021446,0.026414,0.0059834,0.045977,0.019395,-0.0042096
"Ac-Orn",0.0077934,0.034925,-0.050651,0.056903,0.021145,0.043741,0.042728,-0.051996,-0.027749,0.085733,0.0411,-0.0062309
"ADMA",0.043232,-0.05749,0.066096,-0.039733,0.023271,0.020727,-0.0049595,0.0073793,-0.021285,0.0065573,-0.016306,0.00030198
"alpha-AAA",0.065929,0.016841,0.044837,-0.014204,-0.010983,-0.020986,0.0060898,-0.007194,-0.0077913,0.010952,-0.020897,0.00022045
"Anserine",0.065018,0.0081225,0.021265,-0.013552,-0.022936,-0.035512,0.043636,0.022701,-0.0038278,0.00075684,-0.01079,-0.0065143
"BABA",0.04943,0.0096982,0.0048436,0.027376,0.0018349,0.008755,-0.0068556,-0.012946,-0.093565,-0.0078776,0.085228,0.012815
"Betaine",-0.046156,0.0042267,0.00043087,0.057438,0.065715,0.030281,-0.02482,-0.058751,0.028392,0.017414,-0.030388,0.0093109
"c4-OH-Pro",0.039653,0.00077198,0.080527,0.0033167,0.077702,-0.0098495,-0.0073484,0.021165,-0.0047369,-0.022568,-0.034,0.0057613
"Carnosine",0.056041,0.012625,0.032408,-0.039161,-0.00705,-0.047583,0.05147,0.01676,0.016325,-0.0029135,-0.039381,-0.0069989
"Cit",0.06525,-0.0029995,0.028783,-0.028056,0.013847,-0.008443,-0.025331,0.015348,0.026907,0.035243,0.019756,-0.0033842
"Creatinine",0.071235,1.9798e-06,0.011668,-0.0031321,-0.0072468,-0.02121,0.0061916,0.0051321,0.0063449,0.027146,0.0013032,-0.0017464
"Cystine",0.0082619,0.070857,0.019397,0.023412,-0.021435,-0.049466,-0.091026,0.024371,-0.0015243,-0.043861,0.02422,0.00036816
"HArg",0.038674,-0.042864,0.066248,-0.042684,0.04227,0.010461,-0.03517,-0.037654,-0.032855,0.023416,-0.0028822,-0.00022496
"HCys",0.062206,-0.022981,0.03881,-0.015227,-0.0018264,-0.023262,0.016379,0.04366,0.0028505,0.03331,-0.013747,0.0020677
"Kynurenine",0.042758,0.031865,0.0038107,-0.056121,-0.048289,0.044966,0.010279,-0.0074674,0.047897,0.04902,-0.05164,0.00067753
"Met-SO",0.049681,0.0021534,0.018245,0.066221,0.024376,-0.015823,-0.036108,0.0018603,-0.0076574,-0.077234,-0.019684,0.0074288
"Orn",0.048323,-0.029509,0.056749,0.039323,-0.039008,0.032224,-0.017395,-0.0060627,0.025111,-0.012891,0.056206,0.009063
"PAG",0.041459,-0.024406,-0.052834,0.020428,0.016755,-0.064168,-0.0067833,0.06933,0.019023,-0.01066,0.054135,0.0037437
"PheAlaBetaine",0.048773,0.0020512,0.0087113,0.0027517,-0.080425,0.016685,-0.006218,0.029814,0.01322,-0.031663,-0.084042,0.0018959
"ProBetaine",0.034339,0.031175,0.093963,0.045006,0.015983,-0.0039498,0.021771,0.027036,0.0064155,-0.0016906,-0.036422,0.009166
"Sarcosine",0.046598,-0.014631,0.091275,-0.018937,0.013021,-0.017066,-0.0026467,-0.015036,-0.019478,0.027015,-0.024579,0.0051374
"SDMA",0.011595,-0.024867,0.066291,-0.051852,0.053345,0.0040174,-0.084699,-0.043514,0.036136,0.021158,0.0046352,0.018371
"t4-OH-Pro",0.049668,-0.0053966,0.076797,-0.013526,0.051574,-0.013093,0.0057739,0.021365,-0.0043205,-0.0083789,-0.041704,0.0065393
"TrpBetaine",-0.011241,-0.05942,-0.032432,0.060389,-0.023522,-0.044167,-0.046928,0.025636,0.021365,0.014499,-0.090638,0.01199
"CA",0.025627,-0.0077918,0.0002759,0.020392,-0.0089373,-0.12608,-0.047629,-0.036361,-0.025028,-0.015052,-0.008229,0.0042773
"CDCA",0.026378,-0.022182,0.027852,0.0016804,0.077727,-0.02899,0.0082982,0.023036,-0.079022,-0.02359,0.095122,0.016121
"DCA",0.013403,0.025025,-0.042544,0.085605,-0.00049586,-0.043993,0.0046315,-0.058216,0.05469,0.026416,0.065162,-0.0055508
"GCA",-0.050227,-0.019667,-0.028545,-0.013453,0.01746,-0.016242,-0.041876,0.098016,0.01892,0.0087989,-0.004575,0.012914
"GCDCA",0.038582,0.040222,0.035981,-0.012787,-0.032171,0.037437,-0.0090032,-0.081967,-0.035145,0.061073,0.019464,-0.0053436
"GDCA",0.033251,-0.0030602,0.0013361,0.011975,-0.080989,-0.021349,-0.044351,0.052317,-0.087698,-0.025995,0.032747,-0.004436
"GLCA",0.0087639,0.049111,0.020043,-0.014112,0.01903,-0.0634,-0.059958,-0.021169,0.012437,-1.6204e-05,0.12482,-0.0023916
"GLCAS",0.029612,0.03203,-0.026531,0.030192,0.059607,0.011582,0.044875,0.089715,0.061846,-0.011763,0.025428,0.0051473
"GUDCA",0.013963,-0.024936,-0.058315,0.02522,-0.024512,0.012666,0.023748,-0.037547,0.1294,0.020534,-0.019235,-0.0013426
"TCA",0.042334,0.040707,0.027576,0.051785,-0.020769,-0.076095,-0.015902,-0.028399,0.03632,-0.013252,-0.013382,-0.0026779
"TCDCA",-0.0035464,0.054671,0.0089726,-0.06165,-0.00010937,-0.079349,0.024391,0.052167,0.042468,-0.05964,0.013369,-0.005261
"TDCA",-0.010688,-0.018034,-0.023351,0.022762,-0.02309,0.085167,0.019631,-0.055722,0.015561,-0.02148,-0.12453,0.00026275
"TLCA",0.0058434,0.031214,0.023594,0.028183,-0.0023377,0.13043,0.010228,0.0063098,-0.0013182,0.055656,0.018925,0.0079506
"TMCA",0.033186,0.037813,-0.003702,0.017828,-0.042544,-0.10002,-0.00088372,-0.042035,0.039572,-0.038232,0.00073828,0.0030774
"beta-Ala",0.048284,-0.016946,0.091043,-0.012002,0.0091301,-0.012856,-0.0033024,-0.006105,-0.012887,0.029749,-0.021158,-0.0078285
"GABA",0.041843,-0.027999,-0.019268,0.027099,-0.053626,0.049652,-0.067019,-0.0056945,0.030905,0.053352,0.02695,0.0016961
"Histamine",0.059569,-0.023903,0.0044489,-0.022244,-0.043808,-0.038684,-0.014277,-0.032009,-0.041721,0.023363,0.011795,-0.0055164
"Putrescine",0.019999,-0.0014524,0.066243,-0.06613,0.0733,-0.012372,-0.0027706,-0.056893,-0.051463,-0.012272,-0.0054053,0.01538
"Serotonin",0.067891,0.021645,0.0050146,0.030403,0.0053296,0.0022574,0.028239,0.014828,-0.0041781,-0.023606,0.00031924,0.0098653
"Spermidine",0.05323,0.021821,0.051571,-0.031991,0.020823,0.027789,-0.014857,-0.029026,-0.042848,0.047227,-0.015893,0.001788
"Spermine",0.0026097,0.028805,-0.035124,0.035712,-0.071915,0.060019,-0.023131,-0.011003,-0.011117,0.10771,-0.017637,-0.004564
"AconAcid",0.06901,0.010967,-0.015302,-0.028559,0.023103,-0.015036,0.0077159,0.0041534,-0.013401,0.0085901,0.016371,-0.0016256
"DiCA(12:0)",0.026355,-0.023,0.025003,-0.04622,-0.039178,-0.0016138,-0.03302,0.052564,-0.10227,-0.019108,0.066186,-0.0088035
"DiCA(14:0)",-0.0043351,0.0061683,0.015497,0.005662,0.012682,0.095547,0.00031787,0.11158,-0.063527,-0.001341,-0.018576,0.0065965
"HipAcid",0.027166,0.017315,0.064612,0.081,0.0069823,-0.069808,-0.021057,-0.027796,0.0066853,0.011276,-0.0063665,0.014792
"Lac",0.068241,0.013337,0.01815,0.00051888,0.0050895,-0.010049,0.010292,0.034179,-0.0027097,0.039475,0.0057508,-0.0010917
"OH-GlutAcid",0.066049,0.029698,0.030911,0.016093,0.0041506,0.006172,-0.0045247,0.012604,-0.0010579,0.033775,-0.017658,0.00055071
"Suc",0.043165,0.061171,0.0037971,0.015541,-0.011162,0.02739,0.032197,-0.010648,0.0023721,0.052819,-0.082416,-0.0065711
"Cer(d16:1/18:0)",0.031353,-0.057819,-0.033712,0.035686,-0.063353,-0.037887,0.061806,0.031686,-0.0073354,0.014441,0.0003453,-0.010535
"Cer(d16:1/20:0)",0.012597,0.033039,0.052522,-0.002856,-0.091918,0.0626,0.01955,0.037143,-0.045081,0.026456,0.037764,0.0014867
"Cer(d16:1/22:0)",-0.033848,-0.03854,0.015934,-0.040711,-0.00043261,-0.013758,0.11423,0.028953,-0.020596,-0.0040416,0.0063881,-0.0047848
"Cer(d16:1/23:0)",-0.016794,0.024136,0.04725,-0.055545,-0.016602,-0.0039288,-0.020246,-0.077972,0.04394,-0.014079,0.10655,-0.0029999
"Cer(d16:1/24:0)",-0.027032,-0.030752,0.038215,0.014949,0.022193,-0.041594,0.069736,-0.071463,0.0050328,-0.0056014,-0.091969,-0.001556
"Cer(d18:1/14:0)",0.0033407,-0.0096893,-0.019359,-0.043042,-0.049351,0.00082602,0.02468,0.072267,-0.070786,0.10254,-0.042368,-0.0169
"Cer(d18:1/16:0)",0.047015,-0.04968,0.046375,0.00073519,-0.03003,0.0041323,-0.016979,-0.033052,0.0044253,-0.072729,0.022411,0.014183
"Cer(d18:1/18:0(OH))",-0.010586,0.021797,0.063149,0.0050725,-0.027988,0.10505,0.040472,0.052723,-0.024794,-0.0084809,0.026323,-0.0055934
"Cer(d18:1/18:0)",0.065742,0.0068466,-0.014435,0.003787,-0.00077027,0.055639,0.012796,0.028198,-0.0087443,-0.018442,0.0043107,-0.0013125
"Cer(d18:1/18:1)",0.032641,-0.0010578,0.055424,0.022535,0.061389,-0.028563,0.0069407,-0.017413,-0.093466,-0.020508,0.055361,0.0057724
"Cer(d18:1/20:0(OH))",0.013787,0.013374,-0.058666,0.057748,-0.000431,0.063897,-0.028542,-0.017643,0.064307,0.075832,0.036455,0.0013996
"Cer(d18:1/20:0)",0.058317,0.022472,-0.041591,-0.034602,-0.012902,0.048944,-0.0087609,-0.018442,0.0054446,-0.035878,0.0051202,-0.0030994
"Cer(d18:1/22:0)",0.059237,-0.015057,-0.018017,0.017936,-0.049282,0.045567,0.028179,0.019728,0.0094018,-0.039974,0.0049446,-0.0027156
"Cer(d18:1/23:0)",0.058755,0.022733,0.032958,0.017058,-0.035762,0.040276,0.043193,-0.010536,-0.026704,-0.018504,0.011538,-0.005052
"Cer(d18:1/24:0)",0.048956,-0.015641,0.010243,0.046357,0.013141,0.060614,0.018285,0.022389,0.0047402,-0.081289,0.015161,0.011652
"Cer(d18:1/24:1)",0.059443,-0.0094544,0.034918,0.006995,-0.013744,0.056273,0.0034618,-0.0073819,0.022775,-0.055068,0.005639,0.0060425
"Cer(d18:1/25:0)",0.046592,-0.027679,-0.014562,0.040937,-0.037029,0.026279,-0.027361,-0.021013,-0.002752,-0.096365,-0.0029163,0.0099146
"Cer(d18:1/26:0)",0.051251,-0.0040704,0.0028618,-0.012054,-0.055768,-0.013906,0.022307,-0.087535,0.0095328,-0.017932,-0.046615,-8.2234e-05
"Cer(d18:1/26:1)",0.00075137,-0.0034203,-0.0041976,-0.054423,-0.041963,0.05548,0.061734,0.044792,-0.01137,-0.084446,0.081175,-0.0048047
"Cer(d18:2/14:0)",-0.0059281,0.036667,0.032799,-0.054943,0.039433,-0.074374,0.022487,0.050802,0.024154,-0.070104,-0.053981,0.010336
"Cer(d18:2/16:0)",0.03497,-0.04936,0.023859,-0.030038,-0.040661,-0.053691,0.012043,-0.013789,-0.035232,-0.009164,0.097975,-0.0033253
"Cer(d18:2/18:0)",0.059666,-0.046171,-0.015222,-0.020642,-0.015242,0.018976,0.015936,0.037199,-0.026736,0.024285,0.0233,-0.003516
"Cer(d18:2/18:1)",0.023916,0.017386,0.053179,-0.095086,-0.026826,-0.05702,-0.0039049,0.037551,0.011649,0.014134,0.021283,-0.020821
"Cer(d18:2/20:0)",0.041601,-0.00205,-0.036962,-0.018549,-0.069389,0.029589,0.034144,-0.066697,-0.012523,-0.059478,0.020388,-0.018608
"Cer(d18:2/22:0)",0.031232,-0.04552,-0.056553,-0.0094784,-0.070343,-0.040735,0.039567,-0.017826,0.041509,-0.040397,-0.0059501,-0.0032309
"Cer(d18:2/23:0)",0.053469,-0.024851,0.024944,0.018643,-0.037074,0.00043341,0.0084722,0.022054,-0.031402,-0.080556,-0.039878,-0.0058074
"Cer(d18:2/24:0)",0.041623,-0.026389,0.011813,-0.068992,-0.060924,0.029463,0.035324,-0.033595,-0.016256,-0.040592,-0.02894,-0.011574
"Cer(d18:2/24:1)",0.056254,-0.058638,0.015117,-0.030696,-0.017578,-0.0023272,0.0060249,-0.042298,0.014449,-0.011871,0.0038527,-0.00056883
"CE(14:0)",-0.036595,-0.060164,0.0058712,-0.060469,-0.052226,0.047833,0.019906,0.010616,0.016314,0.0036358,0.039203,-0.0038945
"CE(14:1)",-0.01401,0.011175,0.0049704,0.011553,-0.1066,-0.029865,-0.067706,0.047681,-0.020997,-0.061646,-0.02037,-0.001562
"CE(15:0)",-0.0059415,0.038991,0.013729,0.021768,-0.02547,0.12143,0.056124,0.0006035,0.021906,0.034978,0.0023469,0.0022288
"CE(15:1)",0.018719,0.069529,0.018348,0.017663,-0.061057,0.041156,0.019201,-0.079795,0.023013,0.034335,-0.011273,-0.0044302
"CE(16:0)",-0.011275,0.021054,0.036949,0.025739,0.069298,-0.045498,0.035446,0.015336,-0.04795,0.099244,-0.052306,-0.013784
"CE(16:1)",-0.010198,0.017863,-0.0043827,0.026014,0.083946,0.10102,-0.041523,-0.016224,0.028846,0.020223,0.046363,0.005944
"CE(17:0)",0.036049,0.019281,0.024153,0.040874,0.021735,0.073872,0.048974,0.0025623,-0.050496,0.048093,0.060967,0.0030128
"CE(17:1)",-0.002363,0.031473,0.052542,0.013785,0.055715,-0.034318,0.0083356,-0.072355,-0.076797,-0.063422,0.044883,0.0044794
"CE(18:0)",-0.030731,0.046769,0.040331,-0.0078961,0.012327,-0.0031818,0.032895,-0.0039036,0.071352,0.074425,-0.076955,-0.0035516
"CE(18:1)",-0.01042,-0.054329,-0.043317,-0.08418,-0.020473,0.014016,0.026647,-0.036268,-0.050692,-0.023757,0.054151,-0.020225
"CE(18:2)",-0.0055304,-0.017143,0.017575,-0.051119,-0.0085552,0.06026,0.06415,-0.062649,-0.02413,-0.00079802,-0.11278,0.00017911
"CE(18:3)",0.025769,-0.015224,-0.027956,-0.066785,0.041498,0.059799,0.015616,0.072103,-0.0011231,0.062738,0.03662,-0.0088186
"CE(20:0)",-0.048632,0.01452,-0.014447,-0.025044,-0.018355,-0.059988,0.069551,0.047653,0.031827,-0.013602,0.026719,0.0088454
"CE(20:1)",-0.024037,0.040151,0.069997,0.012096,0.060579,0.0091129,0.079935,-0.035629,-0.011115,-0.0086693,0.019471,0.0060024
"CE(20:3)",0.0047047,-0.013414,0.015337,-0.024625,-0.09186,0.014224,0.060121,-0.080887,0.015093,0.02563,0.077233,-0.018784
"CE(20:4)",0.015799,0.034501,0.067195,-0.037148,-0.014162,0.031113,0.04201,-0.093839,0.010278,0.017913,-0.057547,-0.0029697
"CE(20:5)",-0.015826,0.0049468,0.045295,-0.06046,0.0080155,0.074975,-0.016999,-0.097666,0.03991,0.010035,-0.00052062,0.0062004
"CE(22:0)",-0.020678,0.048141,-0.026323,0.00037178,0.007909,0.089243,0.063,0.017891,0.0079583,-0.074855,0.012123,-0.00087942
"CE(22:1)",-0.028056,-0.037832,0.031227,-0.049101,-0.062726,0.0050768,0.067058,0.022638,0.030123,-0.025764,0.073205,-0.0049268
"CE(22:2)",-0.007104,-0.023654,0.037981,0.072839,-0.04326,-0.027925,0.029405,0.019126,0.068529,0.050296,0.084453,-0.010359
"CE(22:5)",0.0069893,0.012271,0.031538,0.0077873,0.0040258,-0.05927,0.089424,0.019475,0.111,0.025345,-0.00947,-0.0052706
"CE(22:6)",-0.020809,0.059065,-0.008872,-0.029972,-0.0068212,0.10066,0.037348,0.027276,-0.00046972,-0.024186,-0.049824,-0.0040099
"p-Cresol-SO4",0.021095,-0.0029953,-0.038163,0.075943,0.017343,-0.0090655,0.047294,0.053323,0.062148,0.060913,0.054829,-0.0046442
"DG(14:0_14:0)",-0.031076,-0.0072684,0.0064472,-0.045734,-0.090897,0.014608,0.02833,-0.0065995,-0.0017666,0.096273,-0.0022168,-0.017989
"DG(14:0_18:1)",0.071113,0.011267,-0.00066287,-0.0034027,0.0027001,0.014606,0.016186,0.025292,-0.01555,-0.0037753,-0.0020779,0.0057097
"DG(14:0_18:2)",0.051438,0.017188,-0.054316,-0.0029203,-0.017601,-0.07329,-0.019601,-0.0093366,-0.030954,-0.0092228,-0.026335,-0.0078861
"DG(14:0_20:0)",-0.027714,0.012179,0.022538,0.010203,-0.12086,0.020744,-0.04044,0.041581,0.023899,-0.017416,0.011028,-0.0038738
"DG(14:1_18:1)",0.023435,-0.047223,-0.013261,-0.0068964,-0.071758,-0.0042986,0.045439,-0.076798,0.0065248,-0.067058,0.04455,-0.0024344
"DG(14:1_20:2)",0.0088995,0.039883,0.040333,0.034042,0.0087239,0.021395,0.032876,-0.084636,-0.0579,-0.08645,0.036884,0.0099468
"DG(16:0_16:0)",0.048135,0.052312,-0.0082312,-0.024634,0.0027792,0.01638,0.06498,0.018576,0.024143,0.052664,0.029638,-0.007176
"DG(16:0_16:1)",0.038637,0.013469,0.0035369,0.0046411,-0.067066,-0.058734,-0.008582,0.031217,0.054089,-0.077199,0.035185,-0.0036777
"DG(16:0_18:1)",0.061011,0.032872,-0.021577,-0.00037953,0.0091705,0.062847,0.011996,-0.020476,0.0066907,-0.011452,0.0052808,-0.0054999
"DG(16:0_18:2)",0.069703,0.023,0.0047245,0.010437,-0.014123,0.0085231,0.013079,-0.0063824,-0.025688,-0.012326,-0.012171,-0.0022457
"DG(16:0_20:0)",0.026126,0.064304,0.038913,0.028618,0.030051,0.045021,0.06428,0.057222,0.0097557,0.018339,-0.018744,-0.0095346
"DG(16:0_20:3)",0.017022,0.0055974,0.015794,0.0029284,-0.058093,0.10102,0.043481,-0.050634,-0.010656,-0.063435,0.040223,-0.011616
"DG(16:0_20:4)",0.037048,0.021541,0.0043938,-0.030128,-0.067039,0.080801,0.040509,0.0066456,-0.0064111,-0.0030393,0.066504,-0.0093078
"DG(16:1_18:0)",-0.0061925,0.011384,-0.058194,-0.035094,-0.0074444,0.069945,0.01858,0.094938,-0.05137,0.023984,-0.053253,-0.001038
"DG(16:1_18:1)",-0.011158,0.017097,-0.00020287,0.011586,-0.14323,0.0083663,-0.0073842,0.030471,0.015571,-0.013642,0.012524,-0.0034701
"DG(16:1_18:2)",0.031921,-0.013018,-0.048703,-0.0060505,-0.077045,-0.059971,0.036584,-0.058893,0.046372,0.0023481,-0.00066875,-0.015982
"DG(16:1_20:0)",0.0019853,0.0278,-0.070237,-0.024694,0.027205,0.044448,-0.02591,0.054541,-0.076753,0.073874,-0.0029685,0.0022114
"DG(17:0_17:1)",-0.02661,0.012682,0.043214,0.031569,-0.045875,0.10232,0.022044,0.0054567,0.0085268,0.012049,-0.069563,-0.0021588
"DG(17:0_18:1)",-0.01039,0.0023133,0.067068,0.033023,0.033562,-0.011492,0.030894,-0.053315,-0.090304,0.077192,-0.011069,-0.00026368
"DG(18:0_20:0)",-0.0090697,0.041851,-0.036025,-0.075757,-0.053735,-0.053348,0.0089601,0.041966,0.037082,-0.018723,-0.064896,-0.010626
"DG(18:0_20:4)",0.030129,0.033322,0.02369,0.015823,0.024729,0.11132,-0.011947,0.052809,-0.027078,0.021554,-0.0056582,-0.0026849
"DG(18:1_18:1)",0.037054,-0.013818,-0.091393,0.0096906,-0.011071,-0.001136,-0.024006,-0.050264,0.01786,-0.05623,-0.020871,0.0099991
"DG(18:1_18:2)",0.058667,-0.0026429,-0.057786,-0.022363,-0.021192,-0.0023093,-0.016669,0.040477,-0.03226,-0.023636,-0.0049127,-0.0050988
"DG(18:1_18:3)",-0.022839,-0.030483,-0.079825,-0.047395,-0.057174,-0.014149,0.0070973,0.022531,0.019176,0.05802,0.045654,-0.016514
"DG(18:1_18:4)",-0.033526,0.041589,0.032399,-0.049564,0.0029346,-0.056636,0.052211,-0.047672,-0.041709,-0.017469,0.054295,-0.0078016
"DG(18:1_20:0)",0.015361,0.044036,0.017292,-0.089278,-0.022621,0.0013076,0.07915,0.041549,-0.027729,0.0017391,-0.029943,-0.0048707
"DG(18:1_20:1)",-0.0086628,0.043121,-0.0036022,0.047227,-0.073432,-0.065868,0.016186,0.040338,-0.050898,-0.061571,-0.033856,0.0017447
"DG(18:1_20:2)",-0.0053885,0.088089,-0.0313,-0.0082584,0.047465,0.028426,-0.018629,-0.017357,-0.0046044,-0.049824,0.062793,0.01071
"DG(18:1_20:3)",-0.011613,0.012814,0.024136,0.049141,0.060931,-0.017521,0.030543,-0.043597,-0.10407,-0.014537,0.076953,0.0049521
"DG(18:1_20:4)",-0.00639,0.060269,-0.013031,-0.0466,-0.0026994,0.059583,0.0042177,0.060547,-0.092948,-0.001861,0.030729,0.0081655
"DG(18:1_22:5)",-0.012315,0.042375,0.033986,0.010719,-0.10158,0.064903,0.0062826,0.041069,0.042085,-0.020531,0.001508,-0.0098124
"DG(18:1_22:6)",-0.025963,0.021644,0.021,-0.0012592,-0.11817,0.017884,-0.049331,0.037347,0.034523,-0.0012791,0.01639,-0.014373
"DG(18:2_18:2)",0.029002,0.0244,-0.049071,0.019728,-0.091485,-0.075815,0.0082601,-0.00047428,0.0031564,-0.017291,-0.024769,-0.0082894
"DG(18:2_18:3)",0.004782,0.035857,0.022804,-0.018097,-0.09253,0.092933,0.03566,-0.014828,0.020467,-0.018009,-0.030948,-0.016995
"DG(18:2_18:4)",0.020019,-0.018335,0.054402,-0.046022,0.064688,-0.043713,-0.061152,0.016111,0.035583,0.045828,0.056964,0.0021911
"DG(18:2_20:0)",-0.0042601,0.0024993,0.019779,-0.0046228,-0.088231,-0.053936,-0.012752,0.035803,-0.036869,-0.0674,0.09923,0.0024008
"DG(18:2_20:4)",0.04634,0.053524,-0.0058112,0.013337,0.044144,-0.018556,0.01776,0.073631,0.012148,0.022908,0.042632,-0.010501
"DG(18:3_18:3)",-0.016991,0.01776,0.053889,0.015927,-0.089821,0.0032643,-0.022908,0.029931,-0.098469,-0.018624,-0.010958,-0.0046556
"DG(18:3_20:2)",-0.038452,0.026678,0.024635,-0.059668,0.019407,0.015395,0.015879,-0.022433,0.011672,-0.093414,-0.063551,0.0020452
"DG(21:0_22:6)",-0.028052,-0.059813,-0.012553,0.024056,-0.039467,0.046663,0.018655,-0.021396,-0.07021,0.014599,-0.082232,-0.0033608
"DG(22:1_22:2)",-0.0084323,-0.0287,-0.0041286,0.066231,0.0051895,-0.078262,0.080174,-0.04282,-0.00021753,-0.0078855,-0.064553,0.0064869
"DG-O(14:0_18:2)",0.0056782,0.022255,-0.033648,-0.026234,-0.021354,-0.05819,0.075459,-0.019814,-0.076483,-0.071315,0.056981,-0.0071215
"DG-O(16:0_18:1)",-0.0088083,0.0011435,0.069317,-0.049673,-0.059772,0.034937,0.020575,-0.053763,0.022446,0.084501,0.012064,-0.020053
"DG-O(16:0_20:4)",0.00016307,0.047831,0.039382,0.026881,-0.014718,-0.091809,-0.022599,0.052791,0.027417,0.061707,-0.047507,-0.011853
"Cer(d18:0/18:0(OH))",-0.0027063,0.017618,0.00067714,-0.047143,0.027688,-0.060112,0.11598,0.031039,0.033534,-0.041483,0.016529,-0.0041605
"Cer(d18:0/18:0)",0.054684,0.0047201,0.040756,0.029714,-0.049223,0.057988,-0.015891,-0.01314,0.0010049,-0.030509,-0.014571,0.0048912
"Cer(d18:0/20:0)",0.041442,-0.022943,-0.030631,0.070559,-0.019259,-0.043191,0.030242,0.021589,0.06448,0.036346,-0.0043434,-0.0042894
"Cer(d18:0/22:0)",-0.038315,0.030244,0.042768,-0.040863,0.042801,0.076249,-0.0067704,-0.010351,0.0072856,0.022026,-0.065435,0.0043839
"Cer(d18:0/24:0)",-0.0084421,-0.039684,-0.047551,0.017539,0.025439,-0.042701,-0.027801,-0.074828,0.018571,-0.048054,-0.10595,0.0048724
"Cer(d18:0/24:1)",-0.012913,0.0006407,-0.068172,0.0069646,0.046726,0.0050838,0.086754,-0.008274,-0.091813,-0.0028822,-0.025367,-0.0043003
"Cer(d18:0/26:1(OH))",0.0032683,0.0056984,0.062601,0.0033258,-0.042526,-0.011477,0.037429,0.0090277,-0.067828,0.064544,-0.11193,0.0082523
"Cer(d18:0/26:1)",-0.016557,-0.032899,0.034632,-0.038673,-0.051589,0.026835,-0.0080833,0.11907,-0.014458,0.043697,-0.014585,-0.015339
"AA",0.041707,-0.0020463,-0.056056,-0.071015,0.0021052,-0.039342,-0.0065668,-0.057104,0.0036971,0.039707,0.0084,-0.013364
"DHA",0.06108,0.013626,-0.019987,-0.03141,-0.039076,0.004612,-0.019641,-0.040197,0.0067106,0.037417,-0.035062,-0.0095554
"EPA",0.059201,-0.019726,0.057819,0.016506,0.00094363,0.017606,-0.01379,0.021333,-0.020121,0.026559,-0.03826,0.0040659
"FA(12:0)",-0.0073756,-0.0344,0.030094,0.074667,-0.00084795,-0.031124,-0.017361,0.040487,-0.0010249,0.097934,0.071116,-0.013265
"FA(14:0)",0.0082885,-0.03383,0.037961,0.021355,-0.0075141,0.0088415,-0.059954,0.017226,-0.064925,0.11909,0.031445,-0.00017625
"FA(16:0)",0.0059153,-0.0047981,0.009593,-0.11981,0.0179,-0.045661,-0.015988,0.053764,0.0088116,0.0071201,-0.034307,-0.0042758
"FA(18:0)",-0.01427,-0.037204,0.0060925,-0.084684,-0.020609,-0.059725,-0.0516,0.022269,0.072502,-0.021215,0.0080733,-0.0073654
"FA(18:1)",0.05298,-0.0061593,-0.040169,-0.060337,-0.0011322,-0.062346,-0.023736,-0.0094564,-0.0067615,0.0072942,-0.0044491,-0.0044521
"FA(18:2)",0.05348,-0.0064484,-0.068604,-0.034625,-0.0040436,-0.051569,0.0042395,0.0092731,0.0081612,0.018379,0.0050506,0.0037187
"FA(20:1)",-0.0031914,-0.010234,-0.051707,-0.0093444,0.021721,-0.041024,-0.0603,-0.11114,0.068349,-0.010547,0.0070238,0.0043651
"FA(20:2)",-0.012369,-0.046846,-0.024711,-0.071077,-0.083298,0.020416,-0.021136,0.02216,0.066017,-0.017037,-0.0061764,-0.0099345
"FA(20:3)",0.012055,0.046906,0.030316,0.038461,-0.087583,0.0078013,-0.071723,-0.011558,-0.02125,-0.051861,0.031784,0.00081289
"lysoPC a C14:0",0.060871,-0.0050796,-0.061198,-0.020566,-0.016299,-0.0023042,0.028773,0.0001041,0.018913,-0.011968,-0.019934,-0.012198
"lysoPC a C16:0",0.06629,-0.016479,-0.044799,-0.021367,-0.0045377,-0.012012,0.016623,0.0105,0.0041994,0.0057805,0.0046488,-0.0021858
"lysoPC a C16:1",0.059886,-0.01689,-0.044158,-0.04641,-0.0039879,-0.0113,0.040232,0.0016419,-0.0026632,-0.016127,-0.019075,-0.018954
"lysoPC a C17:0",0.068907,-0.0053408,-0.01678,-0.02196,0.021939,-0.025433,0.016518,-0.0089985,-0.010991,-0.0055958,-0.017273,0.0026258
"lysoPC a C18:0",0.059721,-0.018606,-0.068481,-0.019401,0.0063665,-0.013347,0.0084829,0.0019426,-0.0052974,0.0011407,0.017249,-0.00427
"lysoPC a C18:1",0.053002,-0.02091,-0.071929,-0.045796,-0.0021328,-0.0021218,0.027988,-0.0031028,-0.0040814,-0.011383,-0.008524,-0.011422
"lysoPC a C18:2",0.047593,-0.022959,-0.066549,-0.057861,0.0031736,-0.011611,0.04499,0.0046111,0.0067431,-0.0082487,-0.027549,0.0090949
"lysoPC a C20:3",0.038708,-0.032011,-0.079558,-0.060378,0.00012277,-0.0025418,0.040585,-0.0010749,0.0053634,-0.01303,-0.026411,-0.0070092
"lysoPC a C20:4",0.038969,-0.028994,-0.088016,-0.050237,-0.010849,0.01267,0.037093,-0.0018743,0.0043431,-0.0091182,-0.015831,-0.01283
"lysoPC a C24:0",0.062867,0.00015883,-0.035707,0.021823,-0.029269,0.013273,0.025664,-0.040157,0.024716,-0.0096782,-0.025377,-0.0057346
"lysoPC a C26:0",0.051378,0.0030945,-0.00767,0.039253,-0.039365,-0.01287,0.06016,0.045989,0.046306,0.012891,-0.046058,-0.012318
"lysoPC a C26:1",0.059586,-0.0023341,-0.042719,0.023917,-0.015973,0.041969,0.021403,0.016951,0.043679,0.01112,-0.02934,0.0010012
"lysoPC a C28:0",0.06482,0.026342,-0.0094083,0.026384,0.0025427,0.0074125,0.0025075,0.03868,-0.014397,0.041769,-0.016104,-0.00083144
"lysoPC a C28:1",0.057766,0.021458,-0.037619,-0.021334,0.01094,-0.0099717,0.067179,-0.0066536,-0.012213,0.0088121,-0.039416,-0.0029135
"PC aa C24:0",0.028465,0.029762,0.029754,-0.082912,-0.016418,0.031342,0.027132,-0.014553,-0.027887,-0.087507,-0.019397,-0.00044662
"PC aa C26:0",-0.0054296,-0.019427,0.079444,-0.052352,-0.0083205,0.050647,0.085665,0.0064532,0.01731,0.03386,-0.013876,-0.0206
"PC aa C28:1",0.068044,-0.011794,-0.021133,-0.039518,0.0037694,-0.0036145,0.00058218,-0.0057786,-0.0071338,0.024666,0.000462,-0.0072531
"PC aa C30:0",0.065621,0.0057639,0.0064475,0.039438,-0.031797,0.0395,0.0066891,0.0060707,0.005655,0.0040766,-0.0040226,-0.0049733
"PC aa C30:2",0.068808,-0.014496,0.026363,-0.010323,-0.0080933,0.020075,0.0018895,-0.02583,-0.020866,-0.0013746,0.0069964,0.00042383
"PC aa C32:0",0.067568,0.0024776,0.024523,0.029346,-0.022671,0.032785,-0.0041078,0.0088138,-0.0052443,-0.0013156,0.0035971,-0.00049972
"PC aa C32:1",0.066552,0.0012769,0.050869,0.0039736,-0.010047,-0.015315,0.0067778,-0.008692,-0.011042,0.011031,-0.0036718,-0.00094365
"PC aa C32:2",0.064657,0.0087148,0.054777,-0.0013409,0.0018091,-0.028803,0.0092623,-0.0055154,0.0034534,0.0043239,-0.011426,-0.004906
"PC aa C32:3",0.067269,0.0059525,0.039302,0.029103,-0.021376,-0.002997,0.0026449,0.0050563,-0.0015032,0.0095233,0.0023181,-0.0020209
"PC aa C34:1",0.070826,-0.0072832,0.024156,-0.0015105,-0.014808,0.0020369,-0.010644,-0.013964,-0.012536,0.0093464,0.0081202,-0.0058342
"PC aa C34:2",0.06452,-0.0061109,0.048535,-0.021968,0.0096699,-0.033942,0.0048624,0.0011641,0.00076845,0.015541,-0.0064973,-0.0068916
"PC aa C34:3",0.060992,0.0079583,0.063458,-0.002589,0.006997,-0.034951,0.012062,-0.0029693,-0.0011377,0.0094653,-0.017276,-0.0035607
"PC aa C34:4",0.071398,-0.0012651,0.0067202,0.015435,-0.021828,-0.0093463,0.0089045,-0.0035007,0.009456,0.012433,0.009929,-0.0071271
"PC aa C36:0",0.067915,0.0071399,0.020288,0.027757,0.010571,0.024271,-0.030179,0.011444,0.012675,-0.00056968,-0.0023055,-0.00068735
"PC aa C36:1",0.069234,-0.019754,-0.028229,-0.015596,-0.0029129,0.0014452,-0.0092648,-0.014351,-0.01277,0.0035184,0.01378,-0.0010876
"PC aa C36:2",0.068847,-0.018804,-0.027673,-0.02482,0.0020641,-0.013734,0.0055357,-0.0032758,-0.005656,0.013714,0.0032754,-0.0029422
"PC aa C36:3",0.067913,-0.008465,0.026355,-0.023567,0.010782,-0.036425,0.006411,-0.0038882,-0.0093851,0.0080116,-0.0047953,0.00018873
"PC aa C36:4",0.070778,-0.020733,-0.0052077,-0.0095255,-0.015956,-0.0028036,-0.00388,-0.0041137,-0.0078976,0.016588,0.016685,-0.0024419
"PC aa C36:5",0.06015,0.014785,0.065554,0.026316,0.0010212,-0.015747,0.0094689,0.013358,0.00055214,0.0074653,-0.014472,-0.0053557
"PC aa C36:6",0.059534,0.016738,0.030675,0.057824,-0.013317,0.031386,-0.0093201,0.027843,0.017215,0.011574,-0.0021031,-0.0033929
"PC aa C38:0",0.065578,0.014963,0.032701,0.038993,0.013094,0.022734,-0.017635,0.0075645,0.0039146,-0.00039076,-0.0036825,0.0053355
"PC aa C38:1",0.068797,-0.0011778,0.009512,0.026266,0.0086529,0.0064864,-0.038773,0.0037182,0.0069959,-0.019781,-0.0045576,0.0029806
"PC aa C38:3",0.067793,-0.019664,-0.036733,-0.022241,0.0093725,-0.00076283,0.0089164,-0.0070248,0.0012509,-0.0078637,0.011132,-0.0016607
"PC aa C38:4",0.065787,-0.013112,-0.047073,-0.018932,0.013133,0.017677,0.0055443,-0.00223,-0.01213,0.0030171,0.018958,-0.0010489
"PC aa C38:5",0.071039,0.017286,-0.0022757,0.021405,-0.012339,0.0014247,-0.0041015,0.0088891,-0.0025219,-0.0049333,0.014414,0.00022813
"PC aa C38:6",0.063298,0.0092548,0.018317,0.046877,-0.0046931,0.041531,-0.015334,0.028311,0.0074057,0.010286,0.00035516,0.0041198
"PC aa C40:1",0.056468,-0.0036536,-0.020265,0.0092876,-0.055589,-0.017952,-0.06163,0.01304,0.044304,0.014891,-0.0029354,0.0096034
"PC aa C40:2",0.070842,-0.012863,-0.016215,0.016112,-0.019192,0.0012154,0.0036555,-0.0028665,0.011775,-0.013148,-0.0018176,0.0028531
"PC aa C40:3",0.067887,0.022617,-0.005886,-0.010124,-0.031333,0.024358,0.01974,0.009091,0.014275,-0.0082163,0.010165,-0.0034709
"PC aa C40:4",0.055098,-0.0065122,-0.072091,-0.0093939,0.0063671,0.045934,0.007283,0.0061718,-0.00076144,-0.017091,0.029393,-0.0027639
"PC aa C40:5",0.051808,0.027357,-0.07072,0.011916,0.021245,0.042738,0.0015627,0.018896,0.0024732,-0.02316,0.027503,0.011651
"PC aa C40:6",0.057213,0.01932,-0.029821,0.039045,0.026753,0.061202,-0.014018,0.031081,-0.00073215,-0.0020236,0.0058666,0.0067834
"PC aa C42:0",0.06683,-0.015358,-0.026537,-0.027944,-0.0077527,-0.019193,0.015804,-0.025711,0.010701,-0.00061317,-0.025154,-0.0083038
"PC aa C42:1",0.068637,0.014992,-0.012772,-0.004767,-0.028748,0.0069312,-0.0069897,-0.01658,0.022573,0.030381,-0.0057222,-0.0049745
"PC aa C42:2",0.064254,0.0018338,-0.0084998,0.0038161,-0.04857,0.026405,-0.016628,-0.0046196,0.02756,0.039705,-0.016159,-0.0094673
"PC aa C42:4",0.067105,0.020573,-0.0028915,0.03539,-0.010593,0.029662,0.021653,-0.0073491,0.0057459,-0.0085192,-0.0042596,0.0059833
"PC aa C42:5",0.067685,0.014187,-0.015458,-0.00039064,0.027625,0.025298,0.0025155,0.019724,0.023891,-0.028059,0.0062158,0.0054541
"PC aa C42:6",0.066897,0.014112,-0.022083,0.010305,0.01285,0.041116,0.013725,0.018951,-0.0097715,-0.0071977,0.024343,-0.0030146
"PC ae C30:0",0.063636,0.022651,0.051638,0.021754,0.00030944,-0.004635,0.006438,0.0077856,0.0028311,-0.017454,-0.024415,-0.0039785
"PC ae C30:1",0.070618,0.013412,-0.013637,-0.016248,0.012739,0.0065836,0.007209,-0.0048111,-0.0127,-0.023798,-0.0043083,0.0052972
"PC ae C30:2",0.065794,0.016278,0.018178,-0.029749,0.039017,-0.0035363,0.01248,0.031896,0.0039901,-0.0049934,0.0085058,-0.0038089
"PC ae C32:1",0.067809,0.0094177,0.046033,0.012625,0.0024492,0.0013537,-0.0037743,-0.0095117,-0.0086638,-0.0021228,-0.0094103,0.0065243
"PC ae C32:2",0.05835,0.02579,0.066224,-0.011332,0.018614,-0.027514,-0.0053058,-0.011877,-0.0014411,-0.0054961,-0.010178,-0.0041462
"PC ae C34:0",0.065639,0.0099125,0.047066,0.01889,-0.019951,0.011849,-0.0071697,-0.016722,-0.004812,-0.012521,-0.014139,-0.0031136
"PC ae C34:1",0.066142,-0.0025724,0.051022,-0.0040413,0.0094148,-0.0095169,-0.0076249,-0.019202,-0.018743,0.0031901,-0.0064905,0.0081556
"PC ae C34:2",0.061227,0.005085,0.065434,-0.0041612,0.012798,-0.024067,-0.0022617,-0.016843,-0.012598,-0.001975,-0.015406,0.003998
"PC ae C34:3",0.068012,0.0088803,0.033048,-0.010745,0.0061625,-0.030827,-0.0034498,-0.015061,-0.018153,-0.0075269,-0.0099347,-0.0014793
"PC ae C36:0",0.064013,0.023857,0.042322,0.029185,-0.016835,0.0039505,0.001116,-0.015966,-0.0143,-0.021342,-0.01387,-0.0031582
"PC ae C36:1",0.069004,-0.0038846,0.037204,-0.003785,-0.0010911,-0.011878,-0.004801,-0.024498,-0.0098663,-0.002883,-0.010058,0.0033594
"PC ae C36:2",0.059025,0.0051117,0.065865,-0.013954,0.018994,-0.034301,0.0044584,-0.015245,-0.013344,0.0025538,-0.018754,-0.0017797
"PC ae C36:3",0.059751,0.0040679,0.063404,-0.015044,0.015773,-0.035137,0.0056963,-0.019913,-0.0095491,-0.00049841,-0.019465,0.0033894
"PC ae C36:4",0.065649,0.0013712,0.051958,0.0087198,0.0072399,-0.015629,0.00047044,-0.024306,-0.011167,-0.0042235,-0.0080878,-8.1148e-05
"PC ae C36:5",0.070482,0.0028423,0.018268,0.0026735,-0.015263,-0.0018014,-0.028331,-0.013299,0.0070428,-0.0025411,0.016362,-0.00072434
"PC ae C38:0",0.063333,0.014026,0.046184,0.041399,-0.0074089,0.011816,-0.0033451,0.021547,0.0040212,0.0074832,-0.0084194,-0.00035752
"PC ae C38:1",0.065096,-0.0026762,0.044998,0.038027,-0.012496,0.0040091,0.0055791,0.0013926,0.014975,0.011825,-0.0055907,-0.00091517
"PC ae C38:2",0.069858,-0.0056587,0.024041,-0.014992,0.010952,-0.022885,0.010864,-0.016168,-0.0028054,0.010002,-0.0078755,-0.004136
"PC ae C38:3",0.071055,-0.012416,0.012722,-0.020982,0.0074627,-0.013901,0.0089174,-0.0028533,-0.010436,0.001705,-0.0068216,4.2263e-05
"PC ae C38:4",0.068666,-0.0012909,0.035269,-0.0043627,0.014821,-0.014263,0.00027174,-0.021407,-0.020159,-0.0034778,-0.011444,-0.0063839
"PC ae C38:5",0.068001,0.016401,0.038651,0.020249,0.014333,-0.0022664,-0.0011418,0.0017259,-0.002285,-0.011105,0.0032099,-0.00038286
"PC ae C38:6",0.069258,0.019256,0.019318,0.020645,0.016746,0.016072,-0.014496,0.0091789,0.005188,-0.0086846,0.00051554,0.0001605
"PC ae C40:1",0.066315,0.01234,-0.016799,0.03131,0.011435,0.033357,-0.0054483,0.037199,0.0060823,0.0022594,-0.0063684,-0.0087532
"PC ae C40:2",0.058998,0.022367,0.038806,0.052018,0.00040003,0.014762,-0.0059481,0.040642,0.011394,0.0035486,-0.025036,0.0010125
"PC ae C40:3",0.071062,0.0090235,0.012447,-0.00084596,0.0070758,0.0080016,0.016613,-0.0044307,0.0070144,-0.0015132,-0.032969,-0.0015162
"PC ae C40:4",0.070466,0.0042218,0.0047598,-0.020227,0.029188,0.0044733,0.012876,-0.0064477,-0.0080341,-0.013337,-0.0048223,-0.00041009
"PC ae C40:5",0.06877,0.022543,0.023348,0.021717,0.012605,0.017852,0.0044561,0.0073496,0.0029923,-0.010675,-0.0042034,-0.0033257
"PC ae C40:6",0.061427,0.025104,0.03922,0.041387,0.017255,0.032993,-0.01211,0.012855,0.00072048,-0.0077124,-0.0080516,0.0063042
"PC ae C42:0",0.058268,0.049761,-0.023492,0.022413,0.032395,0.021528,-0.0074125,0.022571,0.0012765,-0.027944,0.021763,0.0073887
"PC ae C42:1",0.067319,0.0052344,-0.046182,-0.0023629,0.006431,0.010947,0.0062916,0.010754,-0.0065146,0.0097057,0.024499,0.00010573
"PC ae C42:2",0.064831,0.02133,-0.049646,0.01331,-0.015097,0.0045004,-0.0040713,0.018039,0.010696,-0.010267,0.011583,0.0027356
"PC ae C42:3",0.066312,-0.003651,-0.029004,0.019806,-0.0048967,0.037147,-0.014215,0.034072,0.00363,0.0088442,-0.0088047,-0.0019087
"PC ae C42:4",0.059767,0.024308,0.044066,0.030722,-0.014561,0.046955,0.012707,0.005384,0.013026,0.0050979,-0.022621,-0.001252
"PC ae C42:5",0.062624,0.026177,-0.035753,0.027325,0.039631,-0.0049156,0.015016,0.00060152,0.0074245,-0.011609,-0.029436,0.0085322
"PC ae C44:3",0.066693,0.0020646,-0.028962,0.02951,-0.01416,0.035149,-0.020704,-0.0025677,-0.0042152,-0.0038868,0.0052628,0.00013487
"PC ae C44:4",0.063118,0.033799,-0.0031834,0.038509,-0.021488,0.024768,-0.02268,0.018342,0.016576,-0.0087269,-0.015751,0.0059001
"PC ae C44:5",0.070171,-0.0083002,-0.020789,0.0046302,0.014618,0.016215,-0.0011075,0.0193,0.0058498,0.01115,-0.024286,0.00073926
"PC ae C44:6",0.059177,0.0032617,-0.029698,-0.032271,-0.025058,-0.054439,0.021561,0.0058776,0.0072719,-0.035983,0.031341,-0.0096936
"Hex2Cer(d18:1/14:0)",0.052301,0.0039007,-0.078886,0.01703,0.013521,0.020606,-0.0087534,0.0034513,0.025071,-0.039316,-0.023806,0.0034693
"Hex2Cer(d18:1/16:0)",0.052356,-0.025783,0.063983,0.01412,0.018106,0.035215,0.030217,0.010618,0.0022431,-0.049228,0.015093,0.0036413
"Hex2Cer(d18:1/18:0)",0.068578,0.0017192,-0.0064047,0.0033983,0.022534,0.043957,-0.00042059,0.013057,-0.017867,-0.006861,-0.0051557,0.0052995
"Hex2Cer(d18:1/20:0)",0.059031,-0.023587,-0.014578,0.015334,-0.01161,-0.0023165,0.022643,0.011368,0.078593,-0.013069,0.040419,-0.0082299
"Hex2Cer(d18:1/22:0)",0.044905,-0.011413,-0.036661,0.015277,-0.053105,0.020997,0.033733,-0.080677,0.038198,0.0020118,-0.048385,-0.0042836
"Hex2Cer(d18:1/24:0)",-0.006468,-0.058998,0.044284,0.060861,-0.027817,-0.070567,0.004239,-0.044419,0.052588,0.019916,0.0090798,-0.0015296
"Hex2Cer(d18:1/24:1)",-0.0049849,0.058331,-0.00061591,-0.049144,-0.041518,0.058525,-0.028621,-0.035454,-0.060828,0.063609,0.046513,-0.0021648
"Hex2Cer(d18:1/26:0)",0.034386,-0.014301,-0.055814,0.026488,0.05345,-0.014158,-0.034639,-0.05359,-0.079917,0.033058,0.026422,0.0057984
"Hex2Cer(d18:1/26:1)",0.023628,-0.023718,0.090636,-0.030491,0.024185,-0.0044057,0.067956,0.0050144,-0.015769,0.049983,-0.03297,0.0027499
"Hex3Cer(d18:1/16:0)",0.014068,0.049869,-0.032949,-0.035806,-0.040835,0.007424,0.028414,-0.012584,-0.08543,0.093405,0.0096947,-0.0018228
"Hex3Cer(d18:1/18:0)",-0.0029047,-0.031346,-0.078474,-0.062601,-0.029783,0.0023588,0.0056948,-0.064671,0.017646,-0.064656,0.034915,0.0081335
"Hex3Cer(d18:1/24:1)",0.047959,-0.033095,0.069413,-0.016133,-0.02285,0.010746,-0.017427,-0.044411,-0.032259,-0.011555,0.043295,0.0057032
"Hex3Cer(d18:1/26:1)",0.029632,0.010441,0.0457,-0.076013,0.022912,0.0329,0.013431,-0.024591,0.027296,0.01367,0.10293,-0.01035
"Hex3Cer(d18:1_20:0)",-0.009302,0.046665,0.028921,-0.089471,0.042637,0.010082,-0.044356,0.028006,0.071253,0.0012315,0.0051799,0.00091543
"Hex3Cer(d18:1_22:0)",0.0042618,0.053731,0.030641,-0.041457,0.043819,0.095464,-0.049063,0.011811,0.034206,-0.021645,0.013792,0.01401
"HexCer(d16:1/22:0)",-0.0053173,0.003763,0.034488,0.077128,0.027666,0.066288,0.076367,0.057063,-0.008556,-0.028756,-0.028394,0.01767
"HexCer(d16:1/24:0)",-0.0068964,-0.0044793,0.0009997,-0.043344,0.0047539,-0.05999,0.12109,0.037768,0.024878,-0.026782,-0.046479,0.0044908
"HexCer(d18:1/14:0)",-0.034038,0.003288,0.024158,0.019604,-0.015285,0.030828,0.055158,0.04335,0.037973,0.044266,0.11921,-0.00089897
"HexCer(d18:1/16:0)",0.040079,-0.0039505,0.067915,0.0097063,-0.021391,0.066177,-0.043293,0.0028715,-0.032858,-0.052211,0.027827,0.010334
"HexCer(d18:1/18:0)",0.067647,0.0041585,-0.023885,0.0050308,-0.014175,0.01518,-0.034795,-0.0093077,0.017033,0.032493,0.0043231,0.0013506
"HexCer(d18:1/18:1)",0.034597,-0.0039011,-0.038307,-0.01796,-0.01856,0.056718,-0.063828,0.027022,-0.095017,4.7692e-05,-0.035001,0.0024735
"HexCer(d18:1/20:0)",0.059888,0.0020713,-0.051943,0.00061439,-0.018677,0.0034556,-0.049489,-0.037572,0.015582,0.014432,-0.0012527,0.0005378
"HexCer(d18:1/22:0)",0.063308,0.012928,-0.028727,-0.0083712,-0.040213,0.029481,-0.025292,-0.027863,0.028005,-0.0050708,-0.013277,-0.0051064
"HexCer(d18:1/23:0)",0.039162,0.0035113,-0.060688,-0.013359,-0.069276,-0.0079852,-0.012531,-0.071043,0.0094709,0.037898,-0.042336,-0.0050685
"HexCer(d18:1/24:0)",0.045933,0.03871,-0.060269,0.017792,-0.05511,0.031153,-0.023378,-0.028499,0.032751,-0.014203,-0.0087022,0.0045004
"HexCer(d18:1/24:1)",0.059509,0.0075433,-0.03685,-0.0073166,-0.043006,0.015007,-0.035426,-0.05104,0.025188,0.007436,-0.01006,0.00015587
"HexCer(d18:1/26:0)",0.00199,-0.012674,-0.083804,0.027908,-0.071347,0.00066918,0.016392,-0.017368,0.0053219,0.070874,0.070416,-0.0025225
"HexCer(d18:1/26:1)",-0.0094061,0.014748,0.041738,-0.045711,-0.023393,0.032372,-0.087475,0.033012,0.051734,-0.043586,-0.085357,0.0019096
"HexCer(d18:2/16:0)",-0.000888,0.078775,-0.045265,-0.027232,0.027148,0.034901,0.040464,-0.010401,0.038722,-0.0034935,-0.079256,0.0058492
"HexCer(d18:2/18:0)",0.0051571,-0.0033483,-0.066016,0.01107,-0.0089628,-0.055327,-0.046205,-0.11506,0.035272,-0.00978,0.01736,0.0085906
"HexCer(d18:2/20:0)",0.060266,-0.027319,-0.019708,-0.020985,0.0025308,0.028932,0.011535,0.038179,-0.032428,-0.053591,0.0085398,0.00573
"HexCer(d18:2/22:0)",0.0091382,0.0034865,-0.030929,-0.03589,-0.078072,-0.018609,-0.10064,-0.05908,-0.024695,-0.0018515,-0.036184,-0.0014502
"HexCer(d18:2/23:0)",0.0090171,-0.033172,-0.021517,0.083851,-0.013422,-0.030358,0.0068478,0.058673,0.083701,0.03271,-0.053085,0.0028728
"HexCer(d18:2/24:0)",0.037563,0.018433,-0.0048424,-0.002278,-0.030091,0.046624,-0.049111,-0.026199,0.10082,0.056008,-0.023885,0.0040965
"AbsAcid",0.00053244,0.039189,-0.0092286,0.045066,0.035625,-0.0072916,-0.034992,-0.1206,-0.038159,0.057312,-0.00889,0.010531
"Cortisol",-0.025117,-0.040276,-0.011588,0.024511,-0.025972,-0.027708,0.056484,0.018838,0.061386,0.094525,0.060899,-0.011964
"Cortisone",0.024191,0.036246,-0.037196,0.03846,-0.02358,-0.010172,-0.048584,-0.07311,-0.0095339,-0.09532,-0.029793,0.012982
"DHEAS",-0.015283,0.017308,0.017715,0.045544,0.045386,-0.09398,0.04786,0.051888,0.062975,0.011066,-0.02667,0.0058349
"3-IAA",0.013049,0.050723,0.044841,-0.015274,0.011458,0.0090375,-0.064363,-0.029571,0.099469,0.0013217,-0.063885,0.0078307
"3-IPA",0.018023,0.015958,0.034112,-0.07781,0.013464,-0.089812,0.065893,-0.012584,-0.0037382,0.0020501,-0.018612,-0.013576
"Ind-SO4",0.051165,0.022645,0.068717,0.047168,0.017641,-0.031922,0.014519,0.003378,-0.0050576,0.015144,0.022637,0.0058887
"Indole",-0.012034,-0.009961,0.025942,-0.029233,-0.088946,-0.023031,0.054939,-0.033193,0.047838,-0.084719,0.040823,-0.012997
"Hypoxanthine",0.071902,-0.013844,-0.0015466,-0.017488,-0.0069678,-0.001412,0.006221,-0.003955,0.011839,-0.0019671,0.0055667,-0.0069038
"Xanthine",0.069535,-0.011833,0.00081541,-0.014715,0.012358,-0.020488,0.019523,0.024556,0.011342,-0.018281,0.012816,-0.00051859
"SM (OH) C14:1",0.067371,-0.02587,-0.00088195,0.028594,-0.020539,-0.0092337,-0.0013305,-0.016676,-0.026927,0.0049339,0.017091,-0.0086664
"SM (OH) C16:1",0.070135,-0.012575,0.0018679,0.018566,-0.025653,0.0067201,0.00054721,0.011007,-0.014365,0.0071182,-0.022604,-0.0061422
"SM (OH) C22:1",0.067906,-0.0018603,-0.0040906,0.011294,-0.0202,-0.030156,0.0053429,0.0023635,-0.034301,-0.014066,-0.034816,-0.0014273
"SM (OH) C22:2",0.060537,-0.019006,-0.005534,0.02602,0.0017518,-0.050529,0.016764,-0.047563,-0.033757,-0.0061678,0.024837,-0.00086398
"SM (OH) C24:1",0.066322,-0.015891,0.0054012,0.023979,-0.027991,-0.040065,-0.011942,-0.019152,-0.0056139,-0.0010397,0.01993,-0.0076359
"SM C16:0",0.071446,-0.01621,0.0068954,0.007709,-0.0065215,0.0024518,0.0095765,-0.016616,-0.0098661,-0.0068364,0.015544,0.00025287
"SM C16:1",0.065406,-0.028711,-0.016448,-0.0083605,-0.016135,-0.033732,0.013698,-0.0089414,-0.032533,0.016006,0.019201,-0.0043991
"SM C18:0",0.071703,0.002278,0.0057976,0.013639,-0.011606,0.01471,0.0047345,0.016595,-0.0088021,0.0054735,-0.012977,0.0006588
"SM C18:1",0.066943,-0.028434,0.0057625,-0.0047876,-0.023579,-0.029981,0.017117,0.014074,0.0035437,0.024588,-0.0084605,-0.0029688
"SM C20:2",-0.031563,-0.031363,-0.029499,0.0075476,0.074713,-0.016476,-0.047021,0.084383,-0.01706,-0.050652,0.0065576,0.016036
"SM C22:3",0.0097894,-0.047209,-0.071954,-0.084755,-0.0037561,-0.0020015,-0.040684,-0.035539,-0.014097,-0.0022423,0.032021,-0.0030694
"SM C24:0",0.070221,-0.0014335,-0.020778,0.019248,-0.025875,0.0055334,0.0085462,-0.011522,0.0077542,0.0030487,0.0031238,-0.006649
"SM C24:1",0.069935,-0.0094623,0.011019,0.006616,-0.033629,0.0044444,-0.016254,-0.019237,-0.000152,0.0047174,0.0081574,-0.0065404
"SM C26:0",-0.0017088,0.075239,0.0055178,0.001763,0.010634,0.049316,0.041352,-0.063803,0.053129,-0.063491,0.027667,0.0076143
"SM C26:1",0.054109,-0.033933,-0.0030796,0.05154,0.012577,-0.050983,-0.036856,-0.016301,-0.0065397,0.030666,0.025922,-0.0010279
"H1",0.061911,0.00035429,0.038187,0.019977,0.028549,-0.018781,0.039917,-0.03708,-0.0091885,-0.023713,-0.001633,0.0061779
"TG(14:0_32:2)",-0.024158,0.02188,-0.0048269,0.080949,0.054834,0.015191,0.02019,-0.0040523,-0.069293,0.035006,0.077359,0.0029371
"TG(14:0_34:0)",-0.018764,0.042999,0.065315,0.0021797,0.058223,-0.039138,-0.059273,-0.046412,0.0066054,-0.014998,0.064062,-0.0019629
"TG(14:0_34:1)",0.00046315,0.010144,-0.071217,0.01523,0.014386,-0.014136,-0.02229,-0.1185,0.043117,-0.05195,-0.016656,0.008317
"TG(14:0_34:2)",-0.0055489,0.064661,0.0055029,0.049405,0.032226,-0.026181,0.060765,-0.061515,-0.073013,-0.015209,0.018913,0.0055315
"TG(14:0_34:3)",0.041145,0.012685,-0.0026033,0.0032108,-0.020757,-0.0093607,0.0073474,0.018851,-0.019666,-0.094599,-0.1108,0.0043178
"TG(14:0_35:1)",-0.018624,-0.014623,-0.028256,0.020263,-0.025901,0.032663,-0.00069093,-0.0050769,-0.066925,-0.13756,0.012558,0.0049691
"TG(14:0_35:2)",-0.0068594,0.020582,0.013257,-0.0093339,-0.053117,-0.070708,0.053885,-0.10243,-0.051643,-0.014034,-0.032778,-0.0029446
"TG(14:0_36:1)",0.0052296,0.029383,0.018976,-0.0074013,-0.09409,-0.015093,-0.082354,0.057872,0.0056721,-0.058436,-0.01877,0.0018163
"TG(14:0_36:2)",0.025199,0.059262,-0.021846,0.059617,0.024296,0.070063,0.035146,0.007141,0.041945,-0.042399,-0.003051,0.0030221
"TG(14:0_36:3)",-0.0019977,0.093908,-0.053885,0.022409,0.027845,-0.0066949,-0.01934,-0.020229,0.040222,-0.01173,-0.021269,-0.0050315
"TG(14:0_36:4)",0.020124,0.074424,0.030631,0.019352,0.048326,-0.026164,-0.08142,-0.026869,-0.014683,-0.0023881,0.0085868,0.0063002
"TG(14:0_38:4)",0.00059821,0.062222,0.045133,-0.01719,0.040667,-0.0076025,-0.036884,-0.086659,-0.01856,0.050753,0.056397,0.0059389
"TG(14:0_38:5)",-0.033418,0.035058,-0.0083783,-0.037836,-0.05976,0.017135,0.0068326,-0.022285,-0.069131,0.089069,-0.02309,-0.0083616
"TG(14:0_39:3)",-0.029654,-0.022393,0.0072441,0.00067374,0.019206,0.060177,0.086398,0.038534,-0.0091288,-0.087613,0.026397,0.012508
"TG(16:0_28:1)",-0.032764,0.048134,0.051598,-0.015988,0.050496,-0.005179,-0.05645,-0.036866,0.068126,-0.0024375,-0.024247,0.011412
"TG(16:0_28:2)",-0.007657,0.049958,0.054531,-0.053009,0.020671,-0.066872,0.053067,-0.0097684,-0.0056227,-0.066781,0.018884,-0.0016819
"TG(16:0_30:2)",-0.052001,0.0069441,0.049707,0.043919,-0.030468,0.03149,0.041,0.015744,0.0077646,-0.049703,0.019994,-0.0020242
"TG(16:0_32:0)",-0.033048,0.067616,-0.066701,-0.029028,0.031261,-0.00015962,0.017195,-0.0062416,0.011924,-0.0054997,-0.057416,0.0056839
"TG(16:0_32:1)",-0.027725,0.087299,-0.018251,-0.03836,0.025904,0.032656,-0.032927,0.032543,0.018951,-0.02044,0.0094373,-0.0044011
"TG(16:0_32:2)",0.0042987,0.082868,0.05565,-0.025887,-0.012142,-0.032909,-0.052617,-0.019042,0.036467,0.031952,0.016394,-0.0061574
"TG(16:0_32:3)",-0.016111,0.04557,0.023421,0.026533,0.013022,0.0051893,0.043083,-0.12017,-0.061115,-0.018238,-0.0095624,0.0086161
"TG(16:0_33:1)",-0.026821,-0.045154,0.03478,-0.073386,-0.019853,0.024842,0.004239,0.00092734,-0.072044,0.052341,-0.046497,0.0014855
"TG(16:0_33:2)",0.0043265,0.017857,-0.023908,-0.099397,0.0030317,-0.029871,0.042767,0.049303,0.020375,0.063947,0.057201,-0.011743
"TG(16:0_34:0)",-0.019135,0.07436,0.020293,0.0037841,-0.032979,-0.089618,0.024776,-0.0014059,0.0060291,-0.002946,-0.051005,0.0055263
"TG(16:0_34:1)",0.0055602,0.10639,0.028137,0.00071278,-0.0055525,-0.010507,0.0093555,-0.03823,-0.0040809,-0.025862,-0.013686,-0.0032361
"TG(16:0_34:2)",0.031892,0.06416,-0.037896,0.06185,0.014695,0.021241,-0.028385,0.057591,-0.033328,-0.0091284,-0.0094379,0.0011649
"TG(16:0_34:3)",-0.0016015,0.090544,-0.056608,0.039332,0.0077379,0.012457,0.02267,0.0095967,-0.040305,0.027285,0.0029676,-0.0055996
"TG(16:0_34:4)",-0.004743,0.033665,-0.019569,0.038347,-0.099434,-0.0050885,-0.060616,0.059742,-0.033515,-0.041364,-0.024291,0.010877
"TG(16:0_35:1)",-0.030458,0.015006,-0.044571,0.0029114,-0.048237,0.089874,0.025862,-0.033043,0.072197,0.013372,0.010979,0.0012629
"TG(16:0_35:2)",-0.0093378,-0.004812,-0.08363,0.0066513,0.034083,-0.020761,-0.047091,-0.063766,0.054508,-0.0040306,-0.081162,0.015113
"TG(16:0_35:3)",-0.010772,0.069554,0.02219,-0.078115,0.044532,-0.0055501,-0.011794,-0.0088615,-0.024639,-0.047727,-0.054169,0.0028931
"TG(16:0_36:2)",-0.005925,0.10129,-0.044241,-0.011363,0.031401,0.015005,0.009616,-0.010597,-0.02209,-0.020726,0.011408,-0.0047541
"TG(16:0_36:3)",0.015296,0.074879,-0.073243,-0.0027734,0.03502,-0.034536,-0.039376,0.017512,-0.010928,-0.021461,-0.029826,0.003435
"TG(16:0_36:4)",0.0060157,0.092482,-0.021702,0.023343,0.014113,0.036551,-0.015832,0.033692,-0.048402,-0.0088773,-0.058554,0.013477
"TG(16:0_36:5)",0.045747,0.054861,0.043876,-0.027603,-0.0039171,-0.044942,-0.024039,-0.0039676,0.010606,0.058611,0.01336,-0.0051767
"TG(16:0_36:6)",-0.029171,0.031953,-0.043635,-0.034707,-0.021376,0.090197,0.013742,0.021484,-0.064458,0.028193,-0.036433,-0.011292
"TG(16:0_37:3)",0.0055751,0.044393,-0.013922,-0.098994,-0.016928,0.027491,-0.012284,0.027945,-0.059022,-0.031829,-0.062069,0.0014171
"TG(16:0_38:1)",-0.033684,0.045818,0.034337,-0.047133,-0.043424,0.0016264,0.064364,-0.0064475,0.0060727,-0.053312,0.062362,-0.019336
"TG(16:0_38:2)",-0.029484,0.082442,0.039766,-0.0033018,-0.024661,0.010218,-0.032282,0.019674,0.046156,0.030357,-0.039929,0.0050091
"TG(16:0_38:3)",0.0038431,0.083461,-0.0081075,0.039911,0.063731,-0.046804,-0.0075832,0.0089842,-0.026043,-0.050528,0.0025119,0.0074932
"TG(16:0_38:4)",0.050727,0.048677,-0.004403,0.032843,0.041147,0.020963,0.031955,-0.04355,-0.031286,0.029274,0.030782,0.0067897
"TG(16:0_38:5)",0.010236,0.077868,-0.011638,-0.024446,0.011383,-0.023532,-0.068873,-0.0427,-0.074991,-0.0083339,-0.017854,-0.0035874
"TG(16:0_38:6)",0.03191,0.046487,0.022274,0.0033827,-0.054853,0.0025494,0.059999,-0.084357,0.011734,0.050238,0.01479,-0.018103
"TG(16:0_38:7)",0.03378,0.0062428,0.018231,-0.053303,-5.511e-05,-0.0446,0.059485,0.078331,0.049577,-0.049091,0.025629,-0.0096247
"TG(16:0_40:6)",-0.012838,0.046849,-0.072491,-0.02869,-0.012024,-0.034315,0.011981,-0.040307,-0.081081,-0.058338,-0.014998,-0.0031713
"TG(16:0_40:7)",-0.016505,-0.010859,0.028558,-0.074518,-0.016984,0.0043729,0.018821,0.062444,-0.079216,0.022019,-0.090577,-0.0089962
"TG(16:0_40:8)",-0.0018122,-0.024161,0.080489,-0.018262,0.028161,0.061789,0.019427,-0.06213,-0.0064902,-0.074567,-0.03399,0.0098835
"TG(16:1_28:0)",0.037823,0.013356,0.00010179,-0.01198,0.019301,0.078272,0.0077509,-0.072804,0.051614,-0.057937,-0.042111,0.0022011
"TG(16:1_30:1)",0.011977,0.066267,0.040911,-0.013408,0.03969,0.037958,0.018214,-0.080213,-0.06368,-0.00019617,0.033325,-0.010553
"TG(16:1_32:0)",-0.016052,0.068768,0.055244,-0.034375,0.00071083,0.012926,-0.073944,-0.025258,0.050889,0.023107,0.011888,0.0087347
"TG(16:1_32:1)",-0.021958,0.06218,0.043324,-0.036677,0.0030445,0.022116,-0.067354,0.0067957,0.069782,0.028428,0.041401,-0.0017708
"TG(16:1_32:2)",-0.031231,0.048162,-0.036129,0.012473,0.012723,-0.0061692,0.058987,-0.0206,-0.054755,0.08856,0.037973,-0.0081016
"TG(16:1_33:1)",-0.015928,0.012135,0.052213,-0.0054319,-0.0083517,0.081584,-0.028048,0.0073378,0.089143,-0.023983,0.081338,-0.011442
"TG(16:1_34:0)",-0.024819,0.074961,0.026123,-0.0050408,-0.036559,-0.043,0.071515,0.023993,3.0368e-05,0.010576,0.044211,-0.0093817
"TG(16:1_34:1)",-0.010074,0.085463,-0.03436,-0.049252,0.0376,0.023877,0.0054118,0.033723,0.016011,0.030962,0.049878,-0.0049615
"TG(16:1_34:2)",-0.0010135,0.10241,-0.0062386,-0.033033,0.0044612,-0.022399,-0.0029723,-0.055045,-0.0011737,-0.018812,-0.012419,-0.009284
"TG(16:1_34:3)",-0.012017,0.061799,-0.051406,0.033663,-0.01656,0.078901,0.038248,0.0082811,0.015848,-0.014126,0.066298,-0.0031169
"TG(16:1_36:1)",-0.0099269,0.066631,0.019412,0.024504,-0.094477,-0.052677,0.0015839,0.032082,0.032386,-0.011142,-0.018937,-0.013974
"TG(16:1_36:2)",0.014734,0.066051,-0.074298,0.033702,-0.066392,-0.017669,-0.01207,-0.020805,0.0065102,-0.026751,0.00069465,-0.018716
"TG(16:1_36:3)",0.040525,0.060667,-0.036482,0.029437,0.0018098,-0.035111,0.038731,0.061213,0.0095202,-0.028227,0.027859,-0.0063066
"TG(16:1_36:4)",0.011433,0.057024,-0.059293,-0.050789,0.0038516,-0.039518,2.4562e-05,-0.001069,-0.04034,0.090784,0.0014469,-0.0099653
"TG(16:1_36:5)",0.0093537,0.058268,-0.013955,-0.037155,0.029637,-0.082076,-0.022491,0.075207,-0.0030534,-0.052473,0.016856,-0.00047282
"TG(16:1_38:3)",-0.011518,0.071783,-0.020408,0.014038,-0.031786,-0.017571,-0.059092,0.0084257,-0.063126,-0.022486,0.08667,0.015467
"TG(16:1_38:4)",0.016732,0.019672,-0.017078,0.05082,-0.058159,-0.01622,0.0065987,0.046302,0.01337,0.12645,0.0090413,-0.013673
"TG(16:1_38:5)",-0.014617,0.021198,-0.037999,0.0062192,-0.094313,-0.034895,0.012994,-0.006049,-0.10154,0.038936,-0.00041275,-0.009058
"TG(17:0_32:1)",-0.02054,-0.028752,0.016009,-0.048077,-0.034091,-0.021264,0.068729,-0.019982,0.042827,-0.023662,0.11817,-0.012182
"TG(17:0_34:1)",-0.025878,0.040402,0.04957,0.052975,-0.078576,0.01671,0.031835,-0.0024955,-0.061361,-0.012122,0.02307,-0.0044904
"TG(17:0_34:2)",-0.029146,0.051185,0.0088059,-0.0047805,0.036139,0.030506,-0.027219,-0.013636,0.056077,0.1102,-0.0028197,0.0020301
"TG(17:0_34:3)",-0.025179,0.058086,0.013923,0.0091651,-0.057225,-0.0035581,-0.07833,-0.012358,-0.05005,0.06221,0.014966,-0.00029173
"TG(17:0_36:3)",-0.024961,0.046487,-0.0084005,0.036973,0.016532,-0.04006,0.002872,-0.054875,-0.042371,0.09214,-0.067082,0.0060581
"TG(17:0_36:4)",-0.027002,0.056223,0.062939,-0.010926,-0.088542,-0.0017581,0.016387,0.013165,-0.010393,-0.029149,0.0024164,-0.0033352
"TG(17:1_32:1)",-0.021603,0.05649,0.0085943,-0.049002,0.002039,0.021734,-0.10417,-0.032508,0.037556,-0.01155,0.0056608,0.0094405
"TG(17:1_34:1)",-0.025677,0.066038,0.052948,-0.038147,-0.023048,0.04704,-0.047416,0.023351,0.022024,-0.044944,-0.00039806,-0.0014926
"TG(17:1_34:2)",-0.04598,0.0077777,-0.042735,0.015211,-0.038643,-0.015002,0.078973,0.023878,0.014015,0.012361,0.069791,-0.001562
"TG(17:1_34:3)",-0.024781,0.035811,0.036382,-0.0012128,-0.0079864,-0.040671,0.086307,0.0075623,0.09874,-0.0041916,-0.021727,-0.013223
"TG(17:1_36:3)",0.010168,0.066873,-0.019102,0.018901,0.039128,0.017557,0.060189,0.053038,0.088318,-0.0016176,0.026045,0.0061733
"TG(17:1_36:4)",0.029674,0.0067003,-0.076194,-0.052369,0.010667,0.040887,-0.065474,0.011112,1.7897e-05,0.025332,-0.055944,0.011023
"TG(17:1_36:5)",-0.0063263,0.044039,-0.048214,-0.064667,-0.02028,-0.025005,-0.021583,0.070803,-0.072023,0.044235,0.027487,-0.014924
"TG(17:1_38:5)",0.02795,0.024667,0.058128,0.0010153,-0.056173,0.086241,0.038292,0.0089635,0.010747,0.051001,0.015655,-0.012685
"TG(17:1_38:6)",-0.01234,-0.049581,-0.07907,-0.035702,-0.0058496,-0.019287,-0.0081617,-0.080539,0.014301,-0.055486,-0.010657,0.0038247
"TG(17:1_38:7)",0.0037228,-0.015147,0.025729,-0.010962,-0.013034,0.1013,-0.0023314,0.04089,0.10415,-0.041292,-0.020608,-0.0054997
"TG(17:2_34:2)",0.02441,0.072068,-0.0033897,0.017719,0.0074591,0.0031072,0.015646,-0.0085555,0.10779,0.047243,0.0075495,-0.00097901
"TG(17:2_34:3)",0.050409,-0.06132,0.029934,-0.03523,0.00037208,0.015663,-0.00060565,0.029011,-0.047023,0.017603,-0.010808,0.001061
"TG(17:2_36:2)",0.018705,0.026087,-0.040278,-0.032486,-0.073307,-0.034402,0.079925,-0.056041,-0.0085934,-0.049594,-0.0097302,-0.0026701
"TG(17:2_36:3)",0.0060842,0.076471,-0.04867,-0.013217,0.012134,0.0009879,0.088868,-0.019423,-0.0010959,0.041331,-0.020561,-0.0032316
"TG(17:2_36:4)",-0.039097,-0.019744,0.043935,0.00069408,-0.017515,0.047615,-0.044762,0.042886,-0.023644,-0.047831,0.09198,0.0047612
"TG(17:2_38:5)",-0.0018487,0.05394,-0.016354,-0.062045,0.075037,0.014813,0.073914,-0.011096,-0.021801,-0.017616,-0.048363,-0.0062214
"TG(17:2_38:6)",-0.019057,0.010854,-0.017275,0.087012,-0.080865,-0.030865,-0.024501,0.042968,-0.048109,-0.0070037,0.030988,-0.0005803
"TG(17:2_38:7)",-0.045421,-0.010707,0.072983,-0.011301,0.042994,-0.036046,0.0064881,0.018645,-0.055758,-0.0039879,-0.038597,0.0037862
"TG(18:0_30:0)",-0.037023,0.029852,0.066447,0.028114,0.041428,0.007102,-0.056709,-0.027121,-0.0075538,-0.00549,0.074476,0.0091282
"TG(18:0_30:1)",-0.022591,0.018492,-0.0039014,-0.071117,0.052578,0.0026365,-0.044444,9.1389e-05,-0.022434,0.1072,0.030446,0.00093301
"TG(18:0_32:0)",-0.034273,0.040888,0.029761,-0.093644,-0.023894,-0.009021,-0.0045094,-0.046874,0.013382,0.013832,-0.036595,-0.014342
"TG(18:0_32:1)",-0.030707,0.078106,-0.024738,-0.0043217,0.052917,-0.0052147,-0.022189,-0.032236,0.033941,0.046308,-0.037239,0.0090497
"TG(18:0_32:2)",-0.022604,0.04977,-0.017378,0.079405,-0.0041852,-0.0036235,-0.010981,-0.0011068,-0.096249,-0.017541,0.043553,-0.0011843
"TG(18:0_34:2)",-0.010399,0.07231,-0.017465,0.038962,-0.0059829,0.0013709,-0.066565,0.032812,-0.076849,-0.029405,0.041087,-0.00091265
"TG(18:0_34:3)",-0.0075608,0.049932,-0.035488,0.019456,-0.0080006,-0.026739,-0.12787,-0.00058844,-0.01732,0.0090788,0.01737,0.013412
"TG(18:0_36:1)",-0.03003,-0.013346,0.078787,-0.021718,0.031249,0.012552,-0.070392,0.015208,0.068958,0.020373,0.017846,0.0033107
"TG(18:0_36:2)",-0.01822,0.08371,-0.018667,0.028314,0.032502,0.050921,0.046947,0.030113,0.041788,0.014242,-0.010048,-0.0097699
"TG(18:0_36:3)",-0.003023,0.07031,-0.0088454,0.059457,0.08834,0.0071242,-0.020486,0.00014813,0.029505,0.028891,0.028789,0.0060499
"TG(18:0_36:4)",0.0298,0.093814,0.0045052,0.010273,-0.0099659,0.011075,0.048719,-0.011841,0.027786,-0.026691,-0.0064789,-0.0056597
"TG(18:0_36:5)",0.012171,0.053721,0.030405,-0.045266,-0.072453,-0.026191,0.068158,-0.01058,0.0086241,0.012501,-0.072348,-0.0090538
"TG(18:0_38:6)",-0.017706,0.066647,0.046561,-0.013033,0.020199,0.0031221,-0.093794,0.01712,0.016895,-0.012403,0.053192,-0.0041702
"TG(18:0_38:7)",0.02641,0.038594,0.031251,-0.0013923,-0.059832,0.046608,0.051026,-0.080738,0.02617,0.053947,0.0068045,-0.0067802
"TG(18:1_26:0)",-0.017168,0.0081234,0.01899,0.083505,0.04678,-0.051355,0.052158,0.01585,0.010328,0.050654,0.074463,-0.0053626
"TG(18:1_28:1)",-0.0040195,0.008762,0.032666,-0.029002,0.067008,-0.022729,0.091391,0.058082,0.012586,-0.072506,0.038153,0.00075475
"TG(18:1_30:0)",0.027973,0.046652,-0.0058653,-0.085622,0.030078,-0.00022193,0.032844,-0.0082869,0.07877,-0.024369,0.00066003,-0.0022443
"TG(18:1_30:1)",-0.042082,0.058683,-0.04072,-0.0044624,0.036493,0.01429,-0.036558,0.044206,0.0085317,-0.010468,-0.066506,0.0099789
"TG(18:1_30:2)",0.0014817,0.028019,0.058157,-0.023564,-0.034924,0.049691,0.041869,-0.061823,-0.091298,0.01229,0.051241,0.00094165
"TG(18:1_31:0)",-0.013204,0.056848,0.034445,-0.056909,-0.083539,-0.02598,-0.030302,-0.0068162,0.010092,-0.015148,0.062938,0.0025913
"TG(18:1_32:0)",0.0044813,0.10432,0.0029347,0.021332,-0.039065,-0.029438,0.018115,-0.017132,-0.018041,0.0142,0.0060854,-0.0095985
"TG(18:1_32:1)",0.0049217,0.080692,-0.023044,0.055636,-0.038168,0.016358,-0.027722,-0.023648,-0.02666,-0.064172,0.03175,-0.0017934
"TG(18:1_32:2)",0.027979,0.054655,-0.026813,0.051841,-0.053496,-0.067218,0.017378,-0.02499,-0.043976,-0.020787,0.025601,0.0039372
"TG(18:1_32:3)",-0.017948,0.061413,0.05547,-0.032731,0.0040733,-0.023962,0.017915,-0.038174,-0.017165,-0.015764,0.10833,-0.0055479
"TG(18:1_33:0)",-0.00054942,0.043402,0.02775,0.0053043,0.035187,0.11335,-0.007722,0.030824,0.070856,-0.0092443,-0.0021385,0.0069782
"TG(18:1_33:1)",-0.010991,0.039767,0.033909,0.045483,-0.014764,-0.01196,0.054873,-0.10139,-0.013985,0.030942,0.075187,-0.0064188
"TG(18:1_33:2)",-0.0088638,0.020021,0.079589,0.014046,-0.022294,0.0076496,0.0034518,0.015806,0.029672,-0.067558,0.11701,-0.0025195
"TG(18:1_33:3)",-0.0081038,0.0096627,0.0070659,0.061646,-0.01962,0.0022268,0.065214,-0.019165,0.055483,0.11949,-0.019971,-0.016002
"TG(18:1_34:1)",0.010628,0.096377,-0.043583,0.033329,0.015682,-0.0073596,0.017131,0.031546,0.029655,-0.0090433,0.023505,-0.0013841
"TG(18:1_34:2)",0.031173,0.077481,-0.070703,-0.001488,0.031019,-0.005358,-0.0067248,0.023879,-0.0056943,-0.01549,0.0047414,-0.0061081
"TG(18:1_34:3)",0.019593,0.079127,-0.060822,0.031745,0.033413,-0.018942,0.031219,-0.041328,-0.0048531,0.012592,0.026533,0.0025909
"TG(18:1_34:4)",0.00025052,0.052397,-0.045793,-0.056036,0.064954,0.005207,0.054886,0.047757,-0.05706,0.016102,0.016431,0.00044383
"TG(18:1_35:2)",0.01371,0.063114,0.038094,0.031155,-0.018416,0.036917,0.02104,-0.024568,-0.10162,-0.034926,0.034611,-0.00038467
"TG(18:1_35:3)",-0.015263,0.068893,-0.050582,-0.040673,-0.032982,-0.054958,-0.020876,0.01405,-0.03907,0.057866,0.0065795,-0.0099651
"TG(18:1_36:0)",-0.0090596,0.046356,-0.015709,-0.076644,-0.049423,-0.073724,0.03448,0.020421,-0.0091791,-0.047724,-0.03173,-0.011354
"TG(18:1_36:1)",-0.0019853,0.06738,0.0029829,0.010829,-0.010569,-0.050072,0.054334,-0.070128,-0.042052,-0.051118,0.061236,0.0079218
"TG(18:1_36:2)",-0.018149,0.075045,0.010246,-0.0021661,0.032263,0.037428,-0.054198,-0.015536,0.087612,-0.017723,0.01604,-0.0006915
"TG(18:1_36:3)",0.010504,0.063725,-0.039942,-0.059602,0.018015,-0.042312,0.066482,-0.00035879,0.018131,-0.052806,0.03137,-0.012825
"TG(18:1_36:4)",-0.0058262,0.059377,-0.021014,-0.065536,-0.025814,-0.0029867,0.056868,0.063864,-0.029626,-0.012806,0.073394,-0.0091331
"TG(18:1_36:5)",-0.02688,0.049234,-0.022794,0.07966,-0.0076837,0.052779,0.023993,0.040501,0.053672,-0.0095201,0.030411,-0.0016451
"TG(18:1_36:6)",-0.03071,0.028846,-0.053181,-0.027057,-0.024801,0.021504,-0.011265,0.021074,-0.069662,0.06912,-0.080781,-0.014047
"TG(18:1_38:5)",0.053413,0.041502,0.0054598,0.010408,-0.042891,-0.032893,-0.0022546,-0.047398,-0.058507,-0.011648,-0.017666,-0.0059102
"TG(18:1_38:6)",0.056359,0.04906,0.012121,0.048729,-0.016532,-0.026818,-0.017655,-0.014447,0.019955,0.019291,0.018549,-0.0086271
"TG(18:1_38:7)",-0.035247,-0.039029,0.070963,-0.060878,-0.0026474,0.030126,0.027222,0.0082763,-0.048064,-0.0046602,-0.029693,0.0072677
"TG(18:2_28:0)",0.015499,0.051929,0.03396,0.0085572,0.038835,-0.004297,-0.10911,-0.029539,-0.011156,-0.046633,0.034428,0.026969
"TG(18:2_30:0)",0.027847,0.055334,-0.02302,0.090138,-0.044731,-0.022335,-0.00023092,0.00041827,-0.033486,-0.018603,0.026634,-0.0040055
"TG(18:2_30:1)",0.019588,0.022038,0.06363,-0.0089247,-0.0061899,-0.021348,-0.046042,0.093087,-0.056789,-0.06385,-0.010333,-0.004037
"TG(18:2_31:0)",-0.0041606,-0.01145,0.070769,-0.02504,-0.047606,-0.017141,0.01835,-0.037003,-0.045572,0.10741,-0.040541,-0.015461
"TG(18:2_32:0)",0.011483,0.092879,-0.016125,-0.012732,0.04542,0.035957,0.0047037,0.024062,-0.015425,0.015343,-0.065489,0.017906
"TG(18:2_32:1)",0.034963,0.093327,-0.003326,-0.0072769,-0.014944,0.0090152,0.034681,0.0070518,0.028519,0.023009,-0.0027204,-0.0061278
"TG(18:2_32:2)",0.049355,0.065913,-0.0013699,0.0058124,-0.053978,-0.012955,-0.029934,0.030299,0.011282,0.016808,-0.0041208,0.002728
"TG(18:2_33:0)",-0.025642,0.057292,0.031727,-0.02423,-0.074918,-0.0077582,-0.039085,-0.038839,-0.01829,0.068166,-0.02429,-0.015474
"TG(18:2_33:1)",0.027206,0.029265,0.013723,-0.0024565,-0.045778,0.080821,-0.065144,0.047346,0.029785,-0.04014,-0.056221,-0.0058352
"TG(18:2_33:2)",-0.037074,0.014689,0.024825,-0.043727,-0.04298,0.0086191,0.073934,-0.04479,0.028814,-0.013018,0.084172,-0.0091474
"TG(18:2_34:0)",0.012809,0.10904,-0.015527,0.0095816,0.013311,0.012552,-0.023111,-0.010842,0.013495,-0.005344,0.0038782,0.011507
"TG(18:2_34:1)",0.018868,0.074069,-0.067348,0.016148,0.02709,-0.055866,-0.010874,-0.015255,0.0083292,-0.0071812,-0.046944,0.00081689
"TG(18:2_34:2)",0.024039,0.074323,-0.023858,-0.0064584,0.070575,-0.045016,0.010822,0.01889,-0.018859,-0.050374,-0.028674,0.0041514
"TG(18:2_34:3)",0.0027106,0.074973,-0.020526,0.035504,0.036036,-0.020497,-0.0055347,0.076905,0.072607,-0.0039354,0.029555,-0.0019151
"TG(18:2_34:4)",-0.024656,0.061335,0.022738,-0.073461,-0.041085,0.035896,-0.034927,0.016486,0.054014,-0.017539,-0.0032799,-0.0090919
"TG(18:2_35:1)",-0.0015517,0.037896,-0.077597,-0.034223,-0.026753,-0.047373,-0.02618,0.07315,-0.042247,0.047979,-0.013838,-0.0038408
"TG(18:2_35:2)",-0.0087141,0.01618,-0.016286,-0.062217,-0.072988,0.062161,0.027823,0.030774,-0.084774,-0.024409,0.034316,-0.0037151
"TG(18:2_35:3)",0.01168,-0.011721,0.0065609,-0.045967,0.081591,0.00073891,-0.057764,0.099784,-0.040183,0.0043995,0.032184,0.0063968
"TG(18:2_36:0)",-0.008484,0.085102,0.043789,-0.029891,-0.0060912,-0.0023898,-0.037686,-0.022634,0.015641,0.071647,0.031174,-0.006051
"TG(18:2_36:1)",0.015952,0.091681,0.00053696,-0.002071,0.0037761,-0.067753,0.01775,-0.031552,0.000892,0.043969,-0.013925,-0.0092488
"TG(18:2_36:2)",-0.016226,0.080231,-0.043153,0.0019747,0.0048043,-0.047261,-0.059539,-0.047674,-0.0023653,-0.010703,0.034679,0.00083557
"TG(18:2_36:3)",-0.0071828,0.090682,0.01511,0.04375,0.010907,-0.070624,0.01988,0.013343,0.013099,0.0028872,0.016253,-0.0039352
"TG(18:2_36:4)",-0.014501,0.058997,0.034555,-0.00034701,-0.049058,-0.022973,0.060986,0.08042,0.030849,-0.014843,-0.056785,-0.013927
"TG(18:2_36:5)",-0.026454,0.037617,0.0085636,0.036631,-0.10647,-0.038228,0.00058722,0.019686,-0.0113,0.053008,-0.029876,-0.0075677
"TG(18:2_38:4)",0.050406,0.053991,-0.021463,-0.040336,0.016043,-0.01136,0.0023017,0.035128,0.014918,-0.031819,-0.059903,0.0029788
"TG(18:2_38:5)",0.031479,0.069349,-0.017003,0.0061798,-0.020983,-0.0015557,-0.063627,-0.067151,0.041725,-0.020354,-0.028215,0.003823
"TG(18:2_38:6)",0.015331,0.032113,0.01631,0.011342,0.087945,0.049316,0.044119,0.01211,-0.088503,0.010234,-0.050374,0.0050453
"TG(18:3_30:0)",-0.0095925,0.040625,0.061744,-0.01087,0.0034647,-0.0070005,0.08096,0.056417,-0.071274,-0.020989,-0.051586,-0.0080255
"TG(18:3_32:0)",0.055778,0.030761,0.010123,0.0034723,0.026182,0.027851,-0.021511,0.063599,-0.052932,-0.028308,0.0062086,-0.0014705
"TG(18:3_32:1)",-0.0092452,0.032354,-0.042619,-0.0080959,0.043854,0.014526,-0.031975,0.016603,-0.07015,0.1046,-0.069449,-0.013042
"TG(18:3_33:2)",-0.023095,0.012384,0.046783,-0.054774,0.021368,0.021731,-0.11787,-0.0076514,-0.0060664,-0.0090221,-0.016986,0.0044961
"TG(18:3_34:0)",-0.0060178,0.074317,0.0018838,-0.0063692,0.040625,-0.066972,0.072297,0.02282,-0.021362,-0.021731,-0.042943,-0.001458
"TG(18:3_34:1)",-0.0061387,0.081875,-0.00039634,-0.06057,-0.034406,-0.020416,-0.068286,-0.011832,0.0070537,-0.031598,0.0033481,-0.005271
"TG(18:3_34:2)",-0.014265,0.068536,0.00090955,-0.026303,-0.013265,-0.034816,-0.10071,0.0097953,0.044504,-0.030987,-0.01167,0.014838
"TG(18:3_34:3)",0.0081525,0.02205,-0.00050244,0.063898,-0.013183,0.00049974,0.080666,-0.019241,0.0089307,0.11688,0.017953,-0.0054434
"TG(18:3_35:2)",-0.015115,0.03297,0.038518,-0.040891,-0.092966,-0.019035,-0.063033,-0.042237,0.021134,0.0092804,0.05239,0.0011951
"TG(18:3_36:1)",-0.015726,0.067441,0.046189,-0.01402,0.011126,-0.057115,-0.067982,0.010422,0.055546,0.033886,0.0045288,0.0034479
"TG(18:3_36:2)",-0.014638,0.04684,0.054073,-0.056659,0.0079172,0.046737,0.037579,0.0483,0.060374,-0.056014,-0.004651,-0.011056
"TG(18:3_36:3)",0.01368,0.055014,0.072606,-0.036106,-0.039634,0.036048,0.027157,-0.040926,0.050358,0.045153,-0.00037112,-0.0031029
"TG(18:3_36:4)",-0.0031214,0.032796,0.047598,-0.069413,-0.079128,-0.0071505,0.048476,-0.013003,0.0074725,0.037389,0.066008,-0.012476
"TG(18:3_38:5)",-0.020606,0.012051,-0.020948,0.052471,0.013675,0.012111,0.0048954,-0.11004,-0.051808,-0.07739,-0.025839,0.0091247
"TG(18:3_38:6)",0.055654,-0.022498,0.0020017,0.023029,0.0082097,0.0076072,-0.053609,0.059358,-0.048202,-0.022346,-0.028411,0.013453
"TG(20:0_32:3)",0.009829,0.015542,-0.009192,0.082382,-0.0062019,-0.012245,-0.023944,0.069643,-0.083542,-0.046778,0.06273,0.0046616
"TG(20:0_32:4)",0.066996,0.0083053,0.017006,-0.014913,0.015487,0.038407,0.023139,-0.012517,0.0077386,0.017873,-0.027605,0.0039267
"TG(20:0_34:1)",-0.042783,0.007337,-0.019749,0.028346,-0.037685,0.096535,0.028216,0.0083616,0.037023,-0.034128,-0.021863,-0.0029606
"TG(20:1_24:3)",-0.033681,0.038021,-0.014115,0.0013365,-0.085649,0.015357,-0.035965,0.0049955,-0.091953,-0.0010357,-0.01257,0.00093076
"TG(20:1_26:1)",-0.0354,0.036013,-0.026691,0.057038,0.018885,0.036972,0.008407,0.022623,0.091827,0.034681,0.04104,-0.00059347
"TG(20:1_30:1)",0.0073341,0.023847,0.037999,-0.051499,0.054293,-0.060519,-0.049845,0.002167,0.084132,9.7138e-05,0.063138,-0.014422
"TG(20:1_31:0)",-0.015195,0.048885,0.085171,-0.037679,-0.014335,0.020626,-0.041902,-0.05553,0.031222,0.014513,0.038116,-0.0092696
"TG(20:1_32:1)",-0.029163,0.042182,0.066024,-0.064403,-0.016891,-0.010395,-0.0099798,0.020933,0.028121,-0.047355,-0.062921,0.0032938
"TG(20:1_32:2)",-0.0099252,0.034355,-0.047848,-0.0050608,-0.036829,0.082483,0.015817,0.088521,-0.0035127,-0.061046,-0.0041928,0.0095256
"TG(20:1_32:3)",0.0039229,0.023847,-0.010386,-0.0019774,-0.0083725,-0.053424,-0.014417,0.087896,-0.036298,0.1228,-0.011039,0.0015738
"TG(20:1_34:0)",-0.022764,0.066417,-0.0015911,-0.020401,-0.0037497,-0.07058,0.077807,0.0044876,-0.024978,0.032706,-0.035756,-0.0022768
"TG(20:1_34:1)",-0.010228,0.068141,0.0070479,0.059839,0.030735,0.050891,-0.017473,-0.03015,-0.058801,-0.031168,0.060479,0.0081316
"TG(20:1_34:2)",-0.0047265,0.081928,-0.045944,0.039236,0.027248,0.048052,-0.048545,0.037654,-0.012948,0.0069391,0.0097702,0.012842
"TG(20:1_34:3)",-0.0061451,0.0725,0.010334,0.046982,0.0089398,-0.068241,0.031235,-0.070741,-0.039606,0.0078945,0.0096389,0.01569
"TG(20:2_32:0)",-0.021714,0.050117,0.035126,-0.038083,0.00070819,-0.042077,-0.053817,0.058174,0.07757,-0.012254,0.047396,0.0062896
"TG(20:2_32:1)",-0.0017483,0.052904,0.023554,-0.036848,-0.078752,0.05198,-0.0034696,-0.089967,-0.0070115,0.01998,-0.0064062,-0.010327
"TG(20:2_34:1)",0.0054103,0.066603,-0.061612,0.00086928,-0.054418,-0.04384,-0.064109,0.023169,-0.020276,-0.0091431,-0.032015,0.00055153
"TG(20:2_34:2)",-0.022302,0.051915,-0.016954,0.082904,0.017993,0.014514,0.033854,-0.039963,-0.048186,-0.056601,0.031255,0.013267
"TG(20:2_34:3)",0.032157,-0.017381,0.013558,-0.011179,0.023462,-0.047281,-0.042268,0.12084,-0.031735,0.018321,-0.028152,-0.0031195
"TG(20:2_34:4)",-0.013795,0.015277,-0.095676,0.011505,-0.0085876,-0.026178,-0.010743,-0.059409,-0.030278,-0.056067,-0.066012,0.0092319
"TG(20:2_36:5)",-0.018756,-0.016209,0.075961,-0.039164,-0.018818,0.038401,0.020804,-0.016912,-0.084801,0.053713,-0.048103,-0.013287
"TG(20:3_32:0)",-0.024428,0.04519,-0.0086847,-0.059649,0.00072111,-0.035506,0.02742,-0.0092503,0.099205,-0.0070876,-0.069751,0.002113
"TG(20:3_32:1)",0.059743,-0.012816,0.059035,-0.033684,0.00084136,0.023506,0.01638,0.005249,0.026994,0.0019266,0.014397,0.0033436
"TG(20:3_32:2)",-0.015284,-0.014646,0.021598,0.012592,0.0042701,-9.4591e-05,0.045749,0.029009,0.11298,0.026218,0.11324,0.0026624
"TG(20:3_34:0)",-0.020961,0.068927,0.016076,-0.025218,0.050081,-0.027591,0.024686,-0.02841,-0.094212,-0.023537,0.006525,0.0013098
"TG(20:3_34:1)",-0.00036901,0.062088,0.034136,-0.040985,0.0309,-0.058119,-0.046709,0.054268,0.038198,-0.056573,0.0293,0.0096482
"TG(20:3_34:2)",0.0080869,0.053934,-0.032178,0.070549,-0.026317,-0.048298,0.0033421,0.021102,-0.090706,-0.0045761,0.0337,0.0056654
"TG(20:3_34:3)",-0.0063742,0.010496,-0.01272,0.020018,0.040622,-0.083762,0.064748,0.039494,0.062846,0.080967,-0.021174,0.010889
"TG(20:3_36:3)",0.0052671,0.068778,-0.054799,-0.0058644,-0.0017812,0.059382,0.069806,0.025555,0.0070137,0.047007,0.025038,-0.022671
"TG(20:3_36:4)",0.0020736,0.022147,0.0089221,-0.049752,-0.089768,-0.0056967,-0.083699,0.0019056,0.0092162,-0.019755,-0.082738,-0.0018046
"TG(20:3_36:5)",0.023036,-0.058171,0.036051,-0.05972,-0.0025382,0.010317,0.021684,0.046375,0.011638,-0.086084,0.038246,0.0022359
"TG(20:4_30:0)",0.02743,-0.047468,0.027991,0.046576,0.063514,0.076199,-0.00027114,0.018098,-0.0044476,-0.052028,0.016298,0.021705
"TG(20:4_32:0)",-0.0050906,0.052811,0.052063,-0.055418,0.024662,0.0444,-0.056851,-0.018776,-0.011051,-0.0018747,-0.089158,9.2658e-05
"TG(20:4_32:1)",-0.0029553,0.071626,0.018558,-0.069143,0.032476,-0.039456,0.053816,0.040694,0.0011206,-0.019604,-0.040781,-0.0059462
"TG(20:4_32:2)",0.0095498,-0.0088308,-0.060629,-0.079944,-0.0056172,-0.063115,-0.062829,-0.026189,-0.046182,0.00061553,-0.021114,-0.0025615
"TG(20:4_33:2)",-0.021141,0.042577,0.014165,-0.0021445,0.023902,0.0023808,0.088675,0.013516,0.034203,-0.067806,-0.093037,0.012743
"TG(20:4_34:0)",0.026014,0.043728,-0.027852,0.056601,-0.05091,0.017221,0.080982,0.021916,0.054042,-0.012686,-0.021968,-0.0094929
"TG(20:4_34:1)",0.047056,0.040407,-0.020438,-0.019596,0.018962,-0.033243,-0.023006,0.079798,-0.015848,-0.047456,0.034349,0.005342
"TG(20:4_34:2)",0.032083,0.046354,-0.030679,-0.0089425,0.082267,-0.014484,0.028755,-0.067872,-0.02343,-0.041402,-0.023687,0.010147
"TG(20:4_34:3)",-0.02341,0.046791,0.010874,-0.024932,0.070073,-0.059953,0.054545,0.047507,0.037948,-0.019119,-0.050309,-0.0026931
"TG(20:4_35:3)",-0.01367,0.038632,-0.041865,-0.004297,-0.00055996,-0.030633,0.01293,0.075136,-0.063334,0.1062,-0.0028129,-0.0060291
"TG(20:4_36:2)",0.036959,0.041065,-0.033627,-0.065317,-0.019307,-0.0067131,-0.079409,0.0039597,-0.032017,-0.028794,-0.0085765,-0.0045381
"TG(20:4_36:3)",-0.0012532,0.00029953,-0.044352,0.090338,-0.025046,-0.049612,0.0079927,0.076703,0.047061,0.037662,0.014677,-0.0030359
"TG(20:4_36:4)",0.034985,0.050767,0.027396,-0.019899,0.031811,-0.028867,0.049537,0.080623,0.01078,-0.052839,-0.021373,0.00071072
"TG(20:4_36:5)",0.017391,-0.060162,0.058901,0.029306,-0.054858,-0.012174,-0.069428,0.025829,-0.039742,0.020687,-0.012705,-0.0034347
"TG(20:5_34:0)",-0.022783,-0.00038169,0.0069052,-0.04365,0.032338,-0.00070669,-0.025928,0.026622,0.016751,0.0872,0.12925,-0.0071308
"TG(20:5_34:1)",-0.019162,0.059151,0.023087,0.0050796,-0.0022542,-0.0044628,0.080346,-0.017099,0.0020048,0.045804,-0.10511,-0.013441
"TG(20:5_34:2)",0.041952,0.043045,0.049319,-0.045955,0.031404,-0.0057477,-0.03011,0.04028,-0.034683,0.027852,-0.054937,0.0063141
"TG(20:5_36:2)",0.014603,0.04974,0.039248,-0.031525,-0.076374,0.0091667,0.037787,-0.081665,0.033635,0.035493,-0.014476,-0.014768
"TG(20:5_36:3)",-0.040866,0.02178,-0.011325,-0.026301,-0.055356,-0.036233,-0.011479,0.032479,-0.084397,0.032729,-0.063114,-0.0012857
"TG(22:0_32:4)",-0.048991,0.029067,0.0020592,0.031664,0.015951,0.078313,0.0017778,0.037691,0.045459,-0.004754,0.041049,0.0003578
"TG(22:1_32:5)",-0.02166,0.019663,0.0081861,-0.097969,-0.045249,0.028967,0.026206,0.076951,-0.015735,-0.020289,0.015074,-0.0091056
"TG(22:2_32:4)",-0.016656,-0.0014744,0.046154,-0.058714,-0.10581,-0.018476,0.047983,0.0038466,0.018621,-0.021165,0.032618,-0.0060023
"TG(22:3_30:2)",-0.021264,0.048046,-0.040112,0.00058365,-0.016141,0.10215,0.005704,0.061276,-0.029498,0.028064,-0.0069159,0.00075025
"TG(22:4_32:0)",0.0059734,0.058901,0.0061424,-0.035067,-0.06354,-0.044471,0.00037725,-0.025118,0.06695,0.082944,0.015189,-0.0089685
"TG(22:4_32:2)",-0.015854,0.069411,0.034867,0.017264,-0.051914,0.0014517,-0.061455,0.011507,0.041955,-0.040103,-0.066211,0.009712
"TG(22:4_34:2)",0.023785,0.05687,0.040909,-0.034619,0.050337,-0.036779,-0.030218,0.056807,-0.010067,-0.065461,-0.032981,0.0053617
"TG(22:5_32:0)",-0.0065104,0.030448,-0.014064,-0.014655,-0.12232,0.035123,-0.0009481,0.0088064,-0.074995,-0.0091502,-0.01033,-0.0063554
"TG(22:5_32:1)",0.01988,0.015425,-0.0047963,-0.031956,-0.031955,-0.0051749,-0.090519,-0.011383,0.1137,0.036649,-0.0079341,-0.0018657
"TG(22:5_34:1)",0.00023346,0.035316,-0.063375,0.048917,0.055455,0.068872,0.012193,-0.045272,0.0030566,-0.052687,-0.040606,-0.00043647
"TG(22:5_34:2)",0.037824,0.040579,0.0028762,0.02426,-0.084288,0.046159,0.0094818,0.067316,0.015045,0.010295,0.014028,-0.013487
"TG(22:5_34:3)",-0.016439,0.036214,0.0022597,0.015528,-0.083783,-0.018479,-0.052664,0.060466,-0.011982,-0.057334,0.078811,-0.005416
"TG(22:6_32:0)",0.0029474,0.091149,0.0017677,0.049582,0.027948,0.030779,0.025767,-0.0040375,-0.04164,-0.029501,-0.044341,0.0040612
"TG(22:6_32:1)",0.01123,0.020487,0.034711,0.060626,-0.088106,-0.0271,-0.03368,0.066059,-0.019981,-0.04874,-0.032474,-0.013899
"TG(22:6_34:1)",0.0098296,0.031753,-0.018577,0.077663,-0.012707,-0.039667,-0.0026711,-0.0011496,0.082152,0.090802,0.013555,-0.010731
"TG(22:6_34:2)",0.02165,0.085043,0.013301,0.034686,-0.029398,0.051933,-0.020466,-0.019984,-0.017937,0.048405,-0.027118,0.00054518
"TG(22:6_34:3)",0.0041944,0.035993,0.023771,0.025242,-0.087021,-0.014688,-0.099077,0.034033,-0.015301,-0.016256,-0.041111,0.0022675
"Choline",0.060078,-0.017866,-0.023726,-0.056005,-0.0013829,-0.031318,-0.018849,0.011198,-0.010529,0.033223,0.020853,-0.0056785
